R,G,B,R_I,1200,1195,1190,1185,1180,1175,1170,1165,1160,1155,1150,1145,1140,1135,1130,1125,1120,1115,1110,1105,1100,1095,1090,1085,1080,1075,1070,1065,1060,1055,1050,1045,1040,1035,1030,1025,1020,1015,1010,1005,1000,995,990,985,980,975,970,965,960,955,950,945,940,935,930,925,920,915,910,905,900,895,890,885,880,875,870,865,860,855,850,845,840,835,830,825,820,815,810,805,800,795,790,785,780,775,770,765,760,755,750,745,740,735,730,725,720,715,710,705,700,695,690,685,680,675,670,665,660,655,650,645,640,635,630,625,620,615,610,605,600,595,590,585,580,575,570,565,560,555,550,545,540,535,530,525,520,515,510,505,500,495,490,485,480,475,470,465,460,455,450,445,440,435,430,425,420,415,410,405,400,395,390,385,380,375,370,365,360,355,350,345,340,335,330,325,320,315,310,305,300
25,31,53,1.947,96.6331,96.5916,96.4845,96.2623,95.8907,95.345,94.6298,93.7546,92.7405,91.5877,90.2845,88.8293,87.2137,85.4351,83.4786,81.3529,79.0645,76.6074,73.9742,71.1515,68.1386,64.9317,61.549,58.0055,54.3109,50.4459,46.3906,42.1522,37.8374,33.6332,29.7431,26.3486,23.5211,21.2688,19.532,18.2344,17.2892,16.6178,16.1409,15.8028,15.5485,15.3509,15.1838,15.0296,14.8842,14.7435,14.6089,14.4704,14.3339,14.193,14.0463,13.9009,13.7497,13.6015,13.4467,13.2923,13.1406,12.9825,12.8246,12.6575,12.4904,12.3209,12.1518,11.9815,11.7966,11.6148,11.4245,11.2372,11.0529,10.8589,11.2894,11.1444,10.9844,10.8058,10.6217,10.4311,10.2181,9.99349,9.76617,9.52287,9.28148,9.04014,8.79168,8.54438,8.2928,8.04115,7.78762,7.5233,7.25796,6.99288,6.73234,6.47091,6.20358,5.93975,5.67868,5.41478,5.15288,4.88969,4.6293,4.37123,4.12073,3.87566,3.63875,3.40232,3.16633,2.93027,2.69508,2.46697,2.24522,2.0301,1.82192,1.6219,1.43058,1.24816,1.0741,0.909686,0.756518,0.616107,0.48979,0.37867,0.283114,0.206028,0.14827,0.111432,0.0965297,0.106163,0.141953,0.205972,0.300423,0.427087,0.588345,0.785257,1.02096,1.29791,1.61987,1.99058,2.41689,2.89312,3.42599,4.01534,4.66369,5.37337,6.14979,6.9975,7.92146,8.9231,10.0049,11.1676,12.4157,13.7459,15.1634,16.6693,18.271,19.9579,21.7444,23.6515,25.7205,27.8452,30.0743,32.4256,34.8928,37.5524,40.409,43.536,46.9502,50.465,53.6466,55.7348,56.6114,56.7004,56.4994,56.3231,55.9099,55.8171,55.6715,55.4601,55.1395,54.6931,54.1511,53.5249,52.8991
6,12,40,1.946,92.4867,92.4547,92.3593,92.1557,91.8202,91.3254,90.6806,89.8845,88.9556,87.8934,86.6938,85.3564,83.8682,82.2226,80.411,78.4379,76.3092,74.0178,71.5521,68.9127,66.09,63.0742,59.8879,56.5372,53.0404,49.374,45.5153,41.4692,37.3357,33.2908,29.5344,26.2456,23.4934,21.2916,19.5914,18.3179,17.3893,16.7223,16.2488,15.9078,15.6511,15.4544,15.2862,15.1374,14.9907,14.848,14.7086,14.5675,14.4267,14.2797,14.1323,13.9846,13.8407,13.6926,13.539,13.3838,13.2293,13.067,12.8992,12.7281,12.5588,12.3912,12.2175,12.0396,11.8614,11.676,11.4985,11.3146,11.1289,10.9315,11.3319,11.1845,11.0139,10.8355,10.6474,10.4382,10.2176,9.98657,9.75787,9.52173,9.28537,9.04199,8.79641,8.54717,8.2959,8.03668,7.77805,7.51486,7.25022,6.98938,6.72863,6.46876,6.19992,5.94207,5.67834,5.41495,5.14855,4.88645,4.62506,4.36558,4.11085,3.8627,3.62305,3.38709,3.15282,2.91793,2.68396,2.4561,2.23366,2.0183,1.8106,1.61162,1.42053,1.23769,1.06335,0.900648,0.748065,0.609009,0.483661,0.373983,0.27868,0.203665,0.148219,0.113132,0.100762,0.112394,0.150749,0.217824,0.315782,0.446269,0.610987,0.811868,1.05103,1.3321,1.65876,2.03493,2.47024,2.95174,3.48892,4.08384,4.74184,5.46186,6.24878,7.10276,8.03263,9.04381,10.1349,11.3119,12.5711,13.9119,15.3369,16.8522,18.4676,20.1743,21.9828,23.9083,25.9877,28.1205,30.3711,32.7535,35.248,37.9147,40.8007,43.9559,47.3997,50.9366,54.2242,56.2897,57.1439,57.206,56.9915,56.7971,56.5143,56.4169,56.2839,56.0708,55.7749,55.364,54.817,54.215,53.6033
9,14,20,1.949,96.997,96.9578,96.8509,96.6398,96.2781,95.7467,95.0391,94.1767,93.17,92.0249,90.7355,89.2975,87.7035,85.938,83.9947,81.8863,79.6099,77.1703,74.5497,71.7474,68.7543,65.5625,62.1924,58.6616,54.9761,51.1189,47.0665,42.8281,38.5034,34.275,30.3624,26.9408,24.089,21.8091,20.047,18.7267,17.7661,17.0804,16.596,16.2485,15.9888,15.7896,15.6244,15.4731,15.3295,15.1858,15.0479,14.9097,14.7698,14.6312,14.4875,14.3445,14.2002,14.0554,13.9002,13.7417,13.5898,13.4298,13.2726,13.1057,12.9401,12.7682,12.604,12.4381,12.2609,12.0723,11.8835,11.6881,11.5048,11.3168,11.7253,11.561,11.4115,11.251,11.0565,10.8453,10.634,10.4121,10.183,9.95028,9.71095,9.46843,9.22156,8.97492,8.71684,8.45913,8.19662,7.93621,7.67076,7.40466,7.1417,6.876,6.609,6.34517,6.07858,5.8129,5.5458,5.27878,5.01012,4.7452,4.48391,4.23102,3.98616,3.74267,3.49901,3.25662,3.01342,2.77413,2.54243,2.31728,2.09903,1.88809,1.68389,1.48819,1.29971,1.11942,0.949977,0.79176,0.646985,0.516641,0.399933,0.301735,0.222227,0.161851,0.122111,0.105129,0.113222,0.148528,0.213191,0.308943,0.437847,0.601885,0.803756,1.04595,1.33184,1.66498,2.0543,2.49261,2.98475,3.53559,4.14454,4.81509,5.55331,6.36319,7.25021,8.21429,9.26129,10.3895,11.6021,12.906,14.3012,15.7884,17.3715,19.0423,20.8248,22.7283,24.8172,26.948,29.195,31.5808,34.0887,36.7967,39.6996,42.8821,46.377,49.983,53.3468,55.5247,56.5033,56.677,56.5263,56.3937,56.2287,56.2186,56.1558,56.049,55.8406,55.5234,55.083,54.6321,54.1589
3,7,36,1.948,96.7672,96.7216,96.6133,96.3942,96.0234,95.4852,94.7694,93.8971,92.8864,91.7317,90.4311,88.9784,87.3718,85.6012,83.6514,81.5345,79.2452,76.7934,74.1611,71.3448,68.3434,65.1417,61.7654,58.2212,54.5273,50.6585,46.597,42.3476,38.022,33.8019,29.899,26.4862,23.6446,21.377,19.6306,18.3181,17.3643,16.6793,16.1962,15.8496,15.5972,15.3981,15.2326,15.0795,14.9352,14.7933,14.6533,14.5151,14.3765,14.2336,14.0883,13.9421,13.7964,13.6494,13.4925,13.3438,13.1898,13.0315,12.8679,12.7067,12.5382,12.375,12.2031,12.0252,11.8512,11.6741,11.4989,11.3048,11.1132,10.9198,11.3404,11.2062,11.0461,10.868,10.6798,10.4836,10.271,10.0538,9.82652,9.59679,9.35945,9.11433,8.86658,8.61764,8.36948,8.11484,7.85676,7.59424,7.32944,7.06889,6.80498,6.5472,6.2832,6.01983,5.75686,5.49259,5.22925,4.96864,4.70782,4.44869,4.19242,3.94585,3.70739,3.47075,3.23295,2.99484,2.7591,2.52856,2.30679,2.0904,1.88101,1.67856,1.48503,1.29988,1.12327,0.956232,0.799557,0.655243,0.524413,0.409268,0.309973,0.228272,0.165969,0.123724,0.10324,0.107021,0.136667,0.194512,0.282006,0.401491,0.554519,0.743473,0.970895,1.23851,1.55156,1.91287,2.33056,2.79729,3.31663,3.89394,4.53261,5.23352,5.9995,6.83399,7.74413,8.73522,9.80694,10.9613,12.1988,13.5207,14.9234,16.4222,18.0146,19.7039,21.4889,23.3917,25.4489,27.5714,29.8036,32.1561,34.6409,37.3086,40.1804,43.3093,46.7486,50.2923,53.473,55.6024,56.5238,56.6661,56.4693,56.3366,55.9816,55.9209,55.8066,55.6147,55.35,54.955,54.4818,53.9408,53.3935
15,21,55,1.965,97.2375,97.1881,97.0759,96.8496,96.4741,95.9199,95.1903,94.2958,93.2626,92.0902,90.7726,89.3009,87.6673,85.8702,83.89,81.7393,79.4147,76.9281,74.2595,71.4036,68.3502,65.0985,61.6653,58.0693,54.3142,50.3822,46.2501,41.9363,37.5502,33.2768,29.3315,25.892,23.0288,20.7452,18.9836,17.6687,16.7109,16.0282,15.5429,15.1949,14.9327,14.7252,14.5491,14.3896,14.2453,14.102,13.9587,13.8124,13.6675,13.5199,13.3689,13.2174,13.061,12.907,12.7501,12.5929,12.432,12.2664,12.0968,11.9259,11.755,11.5824,11.4094,11.225,11.0414,10.8512,10.6564,10.4707,10.2757,10.081,10.4852,10.3131,10.1561,9.98504,9.79273,9.59066,9.37549,9.14103,8.90211,8.6611,8.41963,8.17931,7.93081,7.6833,7.43198,7.1791,6.92255,6.66405,6.40504,6.147,5.88988,5.63027,5.37027,5.11456,4.85951,4.60479,4.35062,4.10106,3.85183,3.6065,3.36347,3.133,2.90704,2.68528,2.46608,2.2502,2.03779,1.83134,1.63234,1.44101,1.25889,1.08727,0.925913,0.774504,0.634422,0.506823,0.392822,0.294191,0.211707,0.147391,0.101354,0.0763256,0.0734228,0.0943611,0.140853,0.214941,0.318166,0.452664,0.620127,0.823326,1.06271,1.3423,1.662,2.0262,2.43734,2.90041,3.42163,3.99502,4.62486,5.31376,6.06359,6.8763,7.75049,8.69502,9.71496,10.811,11.9849,13.2356,14.5641,15.9749,17.4581,19.0242,20.6717,22.4002,24.2228,26.1483,28.2205,30.3273,32.5214,34.8257,37.2335,39.7966,42.5395,45.5267,48.7676,52.0563,54.9576,56.7594,57.4035,57.2537,56.8088,56.4141,55.8102,55.4447,55.0348,54.5248,53.8755,53.1101,52.1799,51.1362,49.9881
12,18,45,1.96,96.9826,96.9339,96.8232,96.6027,96.227,95.6838,94.9603,94.0815,93.0568,91.8957,90.5826,89.1231,87.5004,85.7161,83.7515,81.6149,79.3091,76.8356,74.1807,71.3414,68.3112,65.0853,61.6758,58.1018,54.3721,50.4678,46.3663,42.0804,37.7166,33.4639,29.5307,26.0967,23.2348,20.9521,19.1933,17.8773,16.9187,16.232,15.7449,15.3994,15.1424,14.942,14.7679,14.6106,14.4619,14.3172,14.1778,14.032,13.8904,13.7445,13.5957,13.4475,13.2959,13.1452,12.9873,12.8322,12.6761,12.5137,12.3448,12.1773,12.0101,11.8421,11.6629,11.4799,11.2941,11.1108,10.9268,10.7383,10.5448,10.3454,10.7575,10.6162,10.4448,10.2618,10.066,9.86469,9.65104,9.42558,9.19498,8.95656,8.71886,8.47326,8.23074,7.98592,7.73577,7.47827,7.22064,6.95745,6.6983,6.43951,6.18313,5.92215,5.66028,5.40202,5.14134,4.88353,4.62505,4.37314,4.11996,3.87031,3.6225,3.38675,3.15663,2.92984,2.70297,2.47894,2.25731,2.04302,1.83595,1.63662,1.44547,1.26328,1.09125,0.928345,0.776129,0.633985,0.505444,0.390861,0.292305,0.210707,0.146167,0.102005,0.0786496,0.0782251,0.10187,0.152337,0.231076,0.340131,0.481017,0.655933,0.866775,1.11519,1.40428,1.7369,2.11736,2.54908,3.0353,3.57403,4.16982,4.82313,5.53693,6.31194,7.15384,8.06339,9.04889,10.1135,11.2564,12.4814,13.7829,15.1648,16.623,18.1666,19.8045,21.5195,23.3275,25.2453,27.3136,29.4243,31.6378,33.957,36.3841,38.9765,41.7478,44.7656,48.0524,51.4086,54.3527,56.2398,56.935,56.8444,56.4732,56.1157,55.5965,55.3238,54.998,54.5691,53.9994,53.296,52.4745,51.5456,50.5363
11,18,37,1.966,96.7575,96.712,96.5994,96.3838,96.0119,95.4696,94.7469,93.8715,92.8593,91.7058,90.4046,88.9515,87.3364,85.5586,83.6085,81.4873,79.1963,76.7361,74.0929,71.2643,68.2396,65.0173,61.6155,58.0503,54.3257,50.4278,46.3273,42.0457,37.6841,33.4387,29.513,26.086,23.2329,20.959,19.2054,17.8913,16.9378,16.2545,15.7731,15.422,15.1609,14.9554,14.7835,14.6258,14.4784,14.3319,14.191,14.0444,13.9007,13.7508,13.6047,13.4534,13.2979,13.1418,12.9806,12.8227,12.6628,12.4987,12.3346,12.1666,11.9972,11.8181,11.6366,11.4573,11.2711,11.0899,10.9024,10.7068,10.5048,10.3003,10.6904,10.5212,10.3598,10.1761,9.97504,9.75098,9.53631,9.31203,9.0855,8.84473,8.61091,8.3652,8.11644,7.86397,7.60904,7.35535,7.0987,6.83994,6.58024,6.32327,6.06788,5.81161,5.54719,5.28821,5.0304,4.7726,4.51728,4.26382,4.0114,3.76337,3.51854,3.2827,3.05571,2.83155,2.60994,2.38898,2.16882,1.9569,1.75225,1.55605,1.36925,1.19046,1.02326,0.864705,0.71696,0.580211,0.456966,0.348934,0.256507,0.182153,0.125542,0.0892378,0.0745491,0.0831451,0.116725,0.177452,0.266713,0.387078,0.540533,0.728524,0.952353,1.21485,1.51842,1.86626,2.26096,2.706,3.2123,3.7686,4.38103,5.05095,5.78252,6.57561,7.43722,8.3659,9.36922,10.451,11.6108,12.8531,14.172,15.5709,17.0454,18.5997,20.25,21.975,23.7999,25.7268,27.8216,29.9355,32.1436,34.4659,36.8954,39.4851,42.2547,45.2624,48.5252,51.8528,54.8976,56.7048,57.3332,57.2068,56.8089,56.4627,55.9631,55.6541,55.2694,54.7833,54.1854,53.4453,52.5741,51.5893,50.5085
5,9,46,1.965,96.8269,96.7798,96.6646,96.4384,96.0619,95.5127,94.7877,93.908,92.8786,91.7117,90.3937,88.9302,87.2996,85.5061,83.5332,81.3978,79.0869,76.6137,73.9559,71.1121,68.0702,64.8294,61.4106,57.8314,54.0941,50.1748,46.057,41.7556,37.3852,33.1274,29.1958,25.7667,22.911,20.6364,18.8797,17.5673,16.6107,15.9276,15.4442,15.0963,14.8361,14.6302,14.4551,14.2992,14.1525,14.008,13.8631,13.7142,13.5677,13.4193,13.2717,13.1193,12.9704,12.8163,12.6577,12.4987,12.3381,12.1767,12.0123,11.8425,11.6631,11.4906,11.3163,11.1374,10.952,10.7691,10.5801,10.3879,10.1852,9.99729,10.3972,10.2411,10.0768,9.89997,9.70798,9.50025,9.28666,9.05995,8.82943,8.58775,8.34998,8.10528,7.86096,7.60896,7.35829,7.10284,6.85058,6.5967,6.33969,6.08342,5.82465,5.57208,5.31029,5.05706,4.80166,4.54904,4.29683,4.04841,3.8009,3.55571,3.31687,3.08716,2.86577,2.64646,2.42816,2.21108,1.99881,1.79463,1.59898,1.4106,1.23201,1.06164,0.902816,0.754245,0.617878,0.493024,0.381744,0.28577,0.206478,0.145398,0.10286,0.0811661,0.0818159,0.105925,0.155597,0.232796,0.33957,0.477361,0.648839,0.855094,1.0984,1.38079,1.70322,2.07052,2.48504,2.95132,3.47739,4.05326,4.68495,5.37545,6.12565,6.93745,7.813,8.75849,9.77769,10.8732,12.0475,13.2993,14.626,16.0287,17.5079,19.0677,20.7173,22.4432,24.2593,26.1804,28.2333,30.333,32.5206,34.815,37.2038,39.7626,42.4989,45.4694,48.6979,51.9661,54.8374,56.6483,57.2519,57.0584,56.624,56.214,55.6141,55.2648,54.8471,54.3158,53.6555,52.8622,51.9181,50.8557,49.7031
36,49,84,1.969,96.8935,96.8454,96.7274,96.497,96.1159,95.5578,94.8264,93.9348,92.8981,91.7208,90.3971,88.923,87.2822,85.4719,83.483,81.3262,78.9961,76.4961,73.8124,70.9417,67.8766,64.6134,61.1686,57.5594,53.7847,49.8258,45.6627,41.3154,36.9025,32.6054,28.6445,25.1923,22.3224,20.0357,18.2735,16.9542,15.995,15.3052,14.8199,14.4671,14.2038,13.9946,13.8193,13.659,13.5047,13.3514,13.2023,13.0516,12.9021,12.7502,12.5975,12.4437,12.2811,12.1252,11.9618,11.8001,11.6268,11.46,11.2933,11.1219,10.9442,10.7645,10.5868,10.3995,10.2153,10.0174,9.83819,9.63603,9.43563,9.24065,9.60111,9.43157,9.26659,9.06753,8.87808,8.6645,8.44503,8.21616,7.99152,7.75328,7.51593,7.26934,7.0267,6.78211,6.53505,6.28217,6.03505,5.78122,5.53024,5.27684,5.0263,4.77469,4.53323,4.28676,4.04157,3.8013,3.56203,3.32545,3.09202,2.86269,2.64086,2.42751,2.22422,2.0247,1.82734,1.63325,1.44471,1.26756,1.09832,0.938938,0.790237,0.653519,0.528026,0.416005,0.317596,0.233497,0.165398,0.114635,0.0829836,0.0716977,0.08263,0.116059,0.173786,0.258134,0.370623,0.513549,0.688192,0.897063,1.14143,1.42274,1.74228,2.10273,2.5064,2.95553,3.45514,4.00714,4.61974,5.28233,6.00276,6.78015,7.61848,8.51634,9.47307,10.4997,11.5974,12.7673,14.0102,15.3222,16.7047,18.1577,19.6828,21.2829,22.9588,24.6985,26.5145,28.4282,30.4605,32.5286,34.6721,36.9092,39.225,41.6892,44.3194,47.1594,50.2404,53.3313,55.9143,57.4874,57.9058,57.5625,56.9573,56.3499,55.5465,54.9972,54.3414,53.5452,52.5907,51.446,50.1252,48.6895,47.0623
31,44,76,1.969,96.9174,96.87,96.7552,96.5324,96.1543,95.6045,94.8763,93.9888,92.9553,91.7841,90.4591,88.9868,87.3495,85.5524,83.5709,81.4177,79.0919,76.595,73.9172,71.047,67.9773,64.7069,61.2543,57.6318,53.8475,49.878,45.7033,41.3452,36.9107,32.5898,28.5976,25.1109,22.2134,19.9022,18.1225,16.7889,15.8124,15.1171,14.6209,14.2611,13.9925,13.7791,13.5984,13.4331,13.2778,13.1215,12.9653,12.8094,12.6607,12.5079,12.3536,12.1916,12.0333,11.8724,11.7094,11.5384,11.372,11.1995,11.0303,10.8524,10.6645,10.4789,10.2975,10.1224,9.93049,9.74005,9.54104,9.3428,9.14813,8.94442,9.29362,9.11953,8.93053,8.73864,8.54378,8.33155,8.11712,7.88937,7.65258,7.41044,7.16647,6.92831,6.69352,6.44694,6.19688,5.93858,5.694,5.44334,5.19555,4.94833,4.70305,4.45809,4.21324,3.97167,3.73382,3.49793,3.26368,3.0313,2.80468,2.5834,2.36923,2.16335,1.96605,1.77483,1.58724,1.40499,1.2291,1.06345,0.906628,0.761027,0.625796,0.504124,0.39533,0.300039,0.219144,0.154001,0.106486,0.0777915,0.0691698,0.081995,0.118799,0.178488,0.263813,0.37648,0.518398,0.692543,0.899135,1.14236,1.42065,1.73849,2.09449,2.4928,2.93384,3.42308,3.96337,4.55719,5.21185,5.91791,6.6785,7.49855,8.3763,9.31364,10.3119,11.3782,12.5122,13.7192,14.9961,16.3457,17.761,19.2429,20.7905,22.4086,24.0989,25.8579,27.6967,29.6154,31.6601,33.7272,35.8799,38.1056,40.4115,42.843,45.4349,48.2419,51.281,54.318,56.9133,58.394,58.703,58.2481,57.5316,56.8659,56.0491,55.3738,54.6022,53.7103,52.6733,51.4276,49.9901,48.3726,46.5437
28,41,76,1.968,97.1863,97.1415,97.0237,96.7945,96.4044,95.845,95.1109,94.2172,93.1779,91.9969,90.6608,89.1755,87.5307,85.7171,83.7225,81.5554,79.2116,76.6986,74.0006,71.1182,68.0323,64.7436,61.276,57.637,53.834,49.8461,45.6514,41.2718,36.8132,32.4742,28.4671,24.9723,22.0614,19.7364,17.9442,16.6028,15.6257,14.9286,14.436,14.0791,13.8103,13.5974,13.419,13.2558,13.1051,12.9521,12.8048,12.6528,12.5067,12.3536,12.2001,12.0431,11.8847,11.7223,11.5585,11.3897,11.2245,11.055,10.8875,10.7192,10.5457,10.3697,10.1859,10.0001,9.80773,9.62181,9.43182,9.23951,9.03781,8.84023,9.11749,8.95106,8.79266,8.61235,8.43044,8.22628,8.01736,7.79048,7.56277,7.32699,7.08849,6.84664,6.60987,6.37552,6.13365,5.8871,5.63443,5.38464,5.13502,4.88903,4.6487,4.40999,4.16389,3.92822,3.69448,3.46398,3.2331,3.00451,2.78047,2.56033,2.34885,2.14623,1.95455,1.76738,1.58219,1.40031,1.2247,1.0602,0.905802,0.761285,0.627178,0.506032,0.397386,0.302954,0.222607,0.157855,0.109974,0.0804536,0.0707572,0.0820564,0.116285,0.173845,0.256676,0.36638,0.505004,0.674913,0.877267,1.1142,1.38742,1.69818,2.04816,2.43844,2.87207,3.3509,3.87927,4.46101,5.1032,5.79736,6.54511,7.35032,8.21228,9.13478,10.1173,11.162,12.278,13.4632,14.7219,16.047,17.4435,18.9028,20.4264,22.016,23.6808,25.4134,27.2223,29.1115,31.0926,33.132,35.2389,37.4314,39.7078,42.1135,44.675,47.4509,50.442,53.4606,55.8613,57.3913,57.7306,57.3511,56.682,56.0718,55.1016,54.4441,53.7051,52.8437,51.8068,50.5896,49.196,47.6425,45.8667
19,33,70,1.966,97.0443,96.9896,96.8699,96.6373,96.2519,95.6945,94.9596,94.0662,93.0263,91.8504,90.5221,89.0456,87.403,85.5952,83.6016,81.4394,79.106,76.6015,73.9119,71.0303,67.9541,64.6759,61.2128,57.5842,53.7901,49.811,45.6242,41.2502,36.8056,32.477,28.4815,24.9961,22.0971,19.7873,18.0064,16.6747,15.6985,15.0001,14.5047,14.1492,13.8841,13.6692,13.4906,13.3228,13.1663,13.0098,12.857,12.7066,12.5594,12.4069,12.2505,12.0894,11.9314,11.7677,11.606,11.44,11.268,11.0958,10.9181,10.7454,10.5718,10.3885,10.2061,10.0233,9.83332,9.64309,9.4545,9.25802,9.06394,8.85704,9.17622,9.00691,8.83255,8.6448,8.44225,8.2323,8.00788,7.77789,7.55585,7.32369,7.08603,6.84704,6.60396,6.36277,6.11522,5.87026,5.62184,5.37248,5.12216,4.87386,4.63155,4.38948,4.1484,3.91162,3.67714,3.44242,3.20932,2.98147,2.756,2.53672,2.32356,2.12181,1.9291,1.74094,1.55575,1.37556,1.20104,1.03807,0.88509,0.743407,0.613009,0.494552,0.388953,0.296968,0.220282,0.159249,0.115223,0.0900605,0.0851738,0.101693,0.142446,0.206029,0.295104,0.411791,0.557224,0.734637,0.945608,1.19153,1.47352,1.7937,2.15287,2.55385,2.99878,3.49119,4.03364,4.62921,5.28624,5.99154,6.75608,7.57505,8.45245,9.38925,10.3881,11.4519,12.5826,13.7842,15.0556,16.3998,17.8092,19.2874,20.8283,22.4407,24.1244,25.8666,27.685,29.5898,31.6359,33.6823,35.8095,38.0172,40.3165,42.7455,45.3322,48.1178,51.1218,54.1258,56.6976,58.1524,58.4804,58.054,57.3453,56.6913,55.7939,55.1326,54.415,53.5451,52.4677,51.2006,49.7283,48.1287,46.32
44,64,99,1.942,97.4929,97.4381,97.3133,97.0764,96.6828,96.115,95.3644,94.4476,93.3884,92.1796,90.823,89.3047,87.62,85.765,83.7272,81.5064,79.1094,76.5307,73.7565,70.7818,67.6,64.2002,60.5998,56.8184,52.854,48.6841,44.2878,39.6887,35.0088,30.4463,26.2291,22.548,19.4842,17.0416,15.1531,13.734,12.6951,11.9499,11.4185,11.0315,10.7411,10.5097,10.3125,10.1241,9.95266,9.78213,9.61363,9.44665,9.27909,9.10882,8.94086,8.76954,8.59516,8.4168,8.23469,8.05466,7.87286,7.69042,7.50905,7.32598,7.14409,6.95371,6.76156,6.56484,6.37866,6.1875,6.00416,5.79865,5.60646,5.39251,5.52619,5.34448,5.14454,4.96221,4.76566,4.56424,4.36118,4.15145,3.94491,3.73209,3.52189,3.31431,3.11094,2.91006,2.7131,2.5169,2.32522,2.13724,1.95266,1.77458,1.60117,1.43445,1.27412,1.12254,0.978404,0.840841,0.712569,0.593984,0.485522,0.387807,0.301121,0.228983,0.170485,0.124849,0.0912352,0.0712461,0.0667594,0.0806526,0.112437,0.163731,0.234023,0.324735,0.436086,0.57031,0.729182,0.913832,1.12541,1.36446,1.63126,1.92752,2.2599,2.61812,3.00851,3.4332,3.89642,4.39821,4.93798,5.5177,6.13776,6.79843,7.49899,8.24198,9.02647,9.85685,10.7342,11.6597,12.6488,13.6712,14.7325,15.843,16.9964,18.1878,19.4205,20.6988,22.0242,23.392,24.7978,26.2436,27.7285,29.2458,30.7931,32.372,33.988,35.6265,37.3049,39.0195,40.8048,42.5746,44.3778,46.2231,48.1118,50.0907,52.1622,54.3807,56.7252,58.9659,60.6274,61.1548,60.5605,59.2549,57.6768,56.1291,54.3844,52.6641,50.7381,48.532,46.012,43.1111,39.8286,36.1682,32.0731
38,57,90,1.941,97.0933,97.0445,96.9291,96.6992,96.3078,95.7504,95.0096,94.1084,93.0629,91.8819,90.5463,89.0509,87.3898,85.5636,83.5515,81.3676,78.9996,76.4585,73.7218,70.7899,67.6509,64.2993,60.7557,57.0317,53.1289,49.0226,44.6908,40.1593,35.5436,31.0398,26.8827,23.247,20.2161,17.7936,15.9253,14.5227,13.4956,12.7528,12.2252,11.8399,11.5489,11.3196,11.1207,10.9401,10.7678,10.5996,10.4385,10.2735,10.1084,9.93591,9.7667,9.59616,9.42797,9.25235,9.07874,8.89912,8.72134,8.53491,8.35049,8.16333,7.9762,7.79176,7.60149,7.41075,7.21775,7.02278,6.82958,6.62399,6.42122,6.22335,6.3788,6.20582,6.01802,5.82355,5.6197,5.40605,5.19107,4.97351,4.7508,4.53359,4.31492,4.09525,3.87887,3.66479,3.44965,3.23611,3.02624,2.81775,2.61243,2.41295,2.21885,2.02718,1.84194,1.66372,1.49119,1.32578,1.16572,1.01424,0.871902,0.738815,0.616079,0.505931,0.408836,0.32198,0.245057,0.179572,0.128286,0.0930527,0.0741918,0.0719545,0.0879957,0.122786,0.177081,0.252254,0.350248,0.472291,0.619058,0.792251,0.990963,1.21822,1.47816,1.76561,2.08424,2.43642,2.82403,3.25086,3.71711,4.22348,4.77077,5.35899,5.98704,6.65642,7.37196,8.13291,8.94596,9.80944,10.7325,11.7014,12.7144,13.7768,14.8854,16.041,17.2472,18.5013,19.8117,21.168,22.5726,24.0227,25.5194,27.0588,28.6409,30.2617,31.9256,33.6192,35.3535,37.142,39.0327,40.91,42.8206,44.7949,46.7986,48.9088,51.1176,53.4996,56.0242,58.4677,60.3809,61.1231,60.7676,59.6834,58.3527,57.0571,55.6241,54.239,52.6497,50.843,48.7475,46.3194,43.568,40.4826,36.9779
39,58,91,1.944,96.9076,96.8634,96.7434,96.516,96.1293,95.5682,94.8283,93.9306,92.8873,91.7002,90.3627,88.8677,87.2138,85.3889,83.3831,81.1984,78.8363,76.2943,73.5587,70.6281,67.4899,64.1353,60.5849,56.8549,52.9459,48.8344,44.4982,39.9588,35.332,30.8227,26.6532,23.0138,19.9748,17.5501,15.6723,14.2659,13.2412,12.5005,11.9696,11.5848,11.2918,11.0605,10.8642,10.685,10.5143,10.3433,10.1765,10.0083,9.84052,9.6679,9.49879,9.32566,9.15285,8.97761,8.80577,8.62628,8.44684,8.26284,8.08025,7.89074,7.70104,7.51153,7.32488,7.12827,6.93657,6.74972,6.5587,6.36371,6.15228,5.93545,6.05704,5.88503,5.69746,5.50961,5.31215,5.10354,4.89639,4.6782,4.46663,4.24936,4.03618,3.82013,3.60561,3.39496,3.18525,2.97811,2.77156,2.57192,2.37341,2.18206,1.99531,1.81486,1.63491,1.46712,1.30406,1.14808,1.00048,0.859819,0.728382,0.606611,0.496716,0.399721,0.315354,0.241582,0.178945,0.12841,0.0925996,0.0740705,0.0719225,0.0873661,0.121482,0.174884,0.248295,0.343327,0.461441,0.60408,0.772416,0.967468,1.1897,1.43954,1.72451,2.03588,2.3782,2.75509,3.16846,3.62105,4.11254,4.64328,5.21442,5.82591,6.47992,7.17441,7.91094,8.69672,9.53165,10.4181,11.362,12.349,13.3804,14.4577,15.5831,16.7534,17.9677,19.2281,20.5354,21.8949,23.2989,24.7522,26.2422,27.7739,29.3375,30.9456,32.5885,34.2568,35.9667,37.7273,39.5874,41.4315,43.295,45.2254,47.1804,49.2394,51.4033,53.7135,56.1658,58.5156,60.3676,61.0307,60.5841,59.4562,58.0613,56.7021,55.1329,53.6316,51.9454,50.0091,47.7362,45.1641,42.2174,38.9314,35.2112
37,55,91,1.94,96.9803,96.9289,96.8066,96.5687,96.1755,95.6071,94.8605,93.9516,92.8945,91.6937,90.3419,88.8367,87.1668,85.3216,83.2945,81.0858,78.7016,76.1394,73.3855,70.4333,67.2688,63.8922,60.32,56.5696,52.6396,48.508,44.1541,39.6031,34.9738,30.4632,26.2977,22.6643,19.641,17.2301,15.3683,13.9767,12.9545,12.2198,11.6973,11.3199,11.0357,10.8062,10.6081,10.4283,10.2573,10.0892,9.92131,9.75814,9.59277,9.42944,9.25633,9.08545,8.90906,8.73925,8.56497,8.39053,8.21574,8.03285,7.84501,7.65444,7.47498,7.29387,7.10175,6.9075,6.71328,6.52446,6.32268,6.12647,5.93371,5.7418,5.85263,5.68859,5.51268,5.31977,5.11664,4.91343,4.70781,4.49874,4.28878,4.07149,3.85892,3.64636,3.44314,3.23647,3.03281,2.82723,2.62822,2.43076,2.23587,2.04738,1.86445,1.68701,1.5189,1.35409,1.19721,1.04755,0.907044,0.773217,0.649301,0.535012,0.432076,0.342141,0.265611,0.200682,0.146762,0.105555,0.0788786,0.0696655,0.0772791,0.103067,0.147469,0.211806,0.295859,0.402292,0.530893,0.684753,0.864507,1.0708,1.30549,1.56735,1.86333,2.18688,2.54102,2.93017,3.35442,3.8188,4.32189,4.86569,5.45016,6.07236,6.73704,7.44222,8.1906,8.98442,9.82768,10.7182,11.6666,12.6584,13.6982,14.7783,15.9009,17.0682,18.2799,19.5422,20.853,22.2027,23.6022,25.0471,26.5301,28.0464,29.5937,31.1833,32.807,34.4665,36.1629,37.9033,39.7378,41.5478,43.3836,45.2706,47.1979,49.2234,51.3671,53.6628,56.0803,58.393,60.0423,60.757,60.2803,59.1243,57.6962,56.3004,54.636,53.0941,51.3424,49.3573,47.0723,44.4332,41.4292,38.0769,34.2828
9,40,71,1.977,97.4593,97.4033,97.2765,97.0339,96.632,96.046,95.2815,94.3482,93.2654,92.0297,90.637,89.0864,87.3637,85.4576,83.3522,81.0507,78.5558,75.8636,72.9586,69.8338,66.4695,62.8689,59.038,55.0009,50.7461,46.2474,41.4801,36.4667,31.3471,26.342,21.7069,17.6524,14.2654,11.5554,9.45948,7.895,6.75448,5.93943,5.36492,4.95368,4.65192,4.41176,4.21516,4.03623,3.86907,3.71319,3.56027,3.41241,3.26398,3.11526,2.96597,2.82164,2.68438,2.54178,2.40766,2.27043,2.13459,1.99989,1.87372,1.74841,1.62088,1.49184,1.37015,1.25848,1.15356,1.0455,0.940927,0.844243,0.757982,0.687696,0.548406,0.458658,0.388655,0.326232,0.271008,0.223438,0.182941,0.150408,0.126924,0.112416,0.109161,0.117116,0.137147,0.169623,0.214593,0.273818,0.345695,0.431911,0.530918,0.645878,0.774832,0.920711,1.08483,1.26278,1.45588,1.67013,1.90041,2.15192,2.42169,2.7096,3.01628,3.3376,3.68245,4.05295,4.44848,4.86869,5.31432,5.78051,6.2661,6.77711,7.30963,7.86718,8.44871,9.05144,9.67731,10.3338,11.0152,11.7252,12.4571,13.2146,13.9921,14.7875,15.6048,16.445,17.3086,18.1986,19.1097,20.0379,20.9838,21.945,22.9208,23.9123,24.9105,25.9237,26.9454,27.9836,29.0486,30.1069,31.1679,32.2238,33.2825,34.3291,35.3713,36.4054,37.4363,38.4566,39.4714,40.4677,41.449,42.4047,43.3388,44.2463,45.1387,45.989,46.8172,47.6134,48.393,49.1171,49.778,50.4198,51.0029,51.5747,52.1068,52.6125,53.0015,52.9282,51.6098,48.843,44.782,39.963,34.9139,29.8495,24.6884,19.5705,14.5598,9.91261,5.95731,3.0519,1.4859,1.47278,3.14391
8,36,65,1.978,97.3054,97.254,97.1258,96.8912,96.4878,95.9033,95.133,94.2016,93.1158,91.8872,90.497,88.9428,87.2142,85.3053,83.2023,80.9055,78.4105,75.7252,72.8322,69.7156,66.3659,62.7719,58.9545,54.9249,50.6838,46.2041,41.4641,36.4841,31.3907,26.4111,21.8032,17.7737,14.4126,11.7254,9.65426,8.10248,6.97707,6.17123,5.60108,5.19449,4.89023,4.65175,4.45338,4.27344,4.10939,3.95175,3.79722,3.64367,3.49538,3.34165,3.1942,3.04326,2.89629,2.75262,2.61618,2.47344,2.3339,2.18922,2.0529,1.92498,1.79882,1.68028,1.55918,1.43998,1.31494,1.20139,1.09713,1.00031,0.90157,0.802512,0.652014,0.565417,0.487832,0.417589,0.352066,0.29277,0.23991,0.195184,0.158022,0.130719,0.113687,0.107837,0.113062,0.130755,0.160136,0.202868,0.258074,0.326312,0.408302,0.505713,0.619063,0.74798,0.891661,1.05161,1.22822,1.42202,1.63456,1.86678,2.11691,2.38543,2.67161,2.97557,3.30148,3.65189,4.02708,4.42479,4.84845,5.29288,5.75927,6.25006,6.76474,7.30052,7.86123,8.44711,9.05868,9.69627,10.3611,11.0514,11.7697,12.5104,13.278,14.063,14.8679,15.6947,16.5502,17.4337,18.3393,19.2642,20.2066,21.1655,22.1383,23.1235,24.1255,25.142,26.1764,27.2207,28.2835,29.3523,30.4278,31.4998,32.5716,33.6318,34.6957,35.7499,36.8063,37.8535,38.897,39.9271,40.9373,41.9285,42.8943,43.8428,44.7729,45.6666,46.5375,47.3704,48.2012,48.9789,49.6955,50.3927,51.0365,51.6842,52.2943,52.9067,53.3987,53.4543,52.2402,49.6906,45.8253,41.2043,36.3425,31.4519,26.4017,21.3352,16.2951,11.4964,7.25708,3.9332,1.84521,1.24403,2.31714
11,42,70,1.979,96.9342,96.8773,96.7553,96.5167,96.1217,95.5448,94.7899,93.8662,92.7931,91.5676,90.1862,88.6469,86.9361,85.0457,82.9557,80.6777,78.2054,75.5411,72.6614,69.567,66.2357,62.6651,58.8671,54.8579,50.6337,46.1665,41.4333,36.4615,31.3761,26.4086,21.8066,17.7809,14.4186,11.7289,9.65081,8.09767,6.96557,6.16403,5.59211,5.18224,4.8732,4.63693,4.43338,4.25313,4.08574,3.92817,3.77098,3.62164,3.47193,3.32065,3.16765,3.01922,2.87817,2.73673,2.59511,2.44947,2.31342,2.17253,2.04242,1.90614,1.78449,1.65613,1.53258,1.40393,1.28717,1.18208,1.06588,0.97083,0.875471,0.779074,0.636042,0.55683,0.480971,0.410221,0.344452,0.285744,0.234405,0.19249,0.158677,0.134653,0.120231,0.116675,0.124887,0.145439,0.178314,0.223369,0.282393,0.35466,0.440644,0.541996,0.65813,0.790171,0.938855,1.10223,1.28235,1.48092,1.69833,1.93273,2.18712,2.45875,2.74817,3.05562,3.38209,3.73803,4.11799,4.52426,4.95403,5.40509,5.87686,6.37324,6.89177,7.43395,7.99773,8.58862,9.20337,9.84756,10.5138,11.2088,11.9306,12.6761,13.456,14.245,15.0523,15.885,16.7424,17.6292,18.5378,19.4626,20.409,21.3692,22.3491,23.3375,24.341,25.3562,26.3916,27.4402,28.5084,29.5742,30.6462,31.7151,32.7868,33.8545,34.9155,35.9715,37.0192,38.0644,39.0942,40.1147,41.1181,42.1058,43.069,44.0108,44.9338,45.8241,46.6901,47.5185,48.376,49.1344,49.8387,50.5215,51.1515,51.7741,52.3691,52.9482,53.4216,53.4169,52.2387,49.5795,45.6195,40.9304,35.9936,31.0454,26.0044,20.922,15.8742,11.0993,6.91647,3.69173,1.74214,1.29772,2.53076
9,40,71,1.977,97.7536,97.6954,97.5734,97.3279,96.9217,96.3322,95.5633,94.624,93.529,92.2897,90.8908,89.3317,87.593,85.6735,83.5543,81.2484,78.7432,76.0452,73.1288,69.9881,66.6112,62.9936,59.1545,55.1055,50.8415,46.3313,41.5473,36.5262,31.4014,26.3923,21.7585,17.7023,14.3147,11.6016,9.50823,7.94578,6.81313,6.00055,5.43053,5.02272,4.71971,4.4819,4.27937,4.10286,3.93449,3.7792,3.62539,3.47497,3.32689,3.17785,3.03306,2.88357,2.74101,2.60022,2.46239,2.3233,2.1885,2.05165,1.91748,1.78768,1.6628,1.54057,1.42886,1.3163,1.20449,1.09508,0.991307,0.892726,0.79866,0.705279,0.582987,0.500833,0.426905,0.357188,0.297071,0.244984,0.200442,0.16401,0.137222,0.120361,0.113112,0.116946,0.132229,0.160633,0.200707,0.255141,0.322146,0.403753,0.499575,0.609181,0.733368,0.873639,1.03352,1.20662,1.39593,1.60637,1.8336,2.07829,2.34156,2.62342,2.92522,3.24406,3.58456,3.95071,4.33969,4.75304,5.19076,5.65089,6.1335,6.63955,7.16831,7.71863,8.29225,8.89142,9.51712,10.1723,10.8485,11.5508,12.2789,13.0305,13.8073,14.6002,15.4174,16.2533,17.1168,18.003,18.9116,19.8383,20.7883,21.7482,22.7246,23.7085,24.7136,25.7284,26.7589,27.8001,28.8499,29.9188,30.9796,32.0412,33.101,34.1537,35.2044,36.251,37.2853,38.3133,39.324,40.33,41.3211,42.2907,43.2377,44.1607,45.0602,45.9178,46.7565,47.5698,48.3669,49.1015,49.7918,50.4379,51.0345,51.6181,52.1901,52.7379,53.1646,53.1147,51.8307,49.1209,45.1035,40.3445,35.3295,30.3042,25.2153,20.0993,15.0588,10.3534,6.30472,3.27637,1.56873,1.4023,2.91734
7,39,77,1.987,97.5676,97.5124,97.3876,97.1455,96.7326,96.1452,95.3731,94.4354,93.3498,92.1136,90.7224,89.1662,87.439,85.5352,83.4338,81.1466,78.6666,76.0023,73.1276,70.0343,66.7131,63.1607,59.398,55.4347,51.2727,46.8836,42.244,37.381,32.4242,27.5956,23.1394,19.2544,16.0174,13.4302,11.4347,9.94561,8.86109,8.08381,7.53206,7.1317,6.8318,6.59197,6.38134,6.19056,6.01257,5.84384,5.67973,5.51129,5.34963,5.18037,5.01642,4.84636,4.68221,4.51584,4.34951,4.17939,4.01459,3.84975,3.68844,3.52749,3.36548,3.20477,3.03791,2.87517,2.71309,2.55716,2.41075,2.26809,2.11902,1.97094,1.88506,1.7459,1.61552,1.48039,1.3492,1.21904,1.09497,0.975983,0.860864,0.750003,0.645721,0.549645,0.462697,0.385408,0.315776,0.255614,0.204723,0.165438,0.137701,0.121769,0.118131,0.127509,0.152365,0.188905,0.240808,0.307521,0.391295,0.490836,0.606918,0.739601,0.889644,1.05806,1.24569,1.45725,1.68955,1.94485,2.22307,2.52499,2.84881,3.19828,3.57064,3.96662,4.38869,4.83532,5.31366,5.822,6.36132,6.92954,7.5254,8.14947,8.80549,9.48761,10.1994,10.9388,11.7123,12.5186,13.3587,14.2304,15.1313,16.0546,17.0021,17.9739,18.9742,19.9979,21.0516,22.1304,23.2467,24.3778,25.5212,26.6729,27.85,29.0269,30.2153,31.4114,32.6221,33.8338,35.0583,36.2784,37.5012,38.7113,39.9067,41.1045,42.2955,43.4606,44.6188,45.7696,46.9346,48.0535,49.1255,50.2048,51.2518,52.3219,53.4014,54.5276,55.6245,56.3743,56.1634,54.6512,51.9079,48.4385,44.6758,40.872,36.7963,32.56,27.9994,23.1917,18.2617,13.4496,9.03043,5.30574,2.6012
8,38,74,1.988,97.2359,97.1791,97.0513,96.807,96.3988,95.8126,95.0423,94.1123,93.0321,91.8058,90.4243,88.8772,87.1631,85.2638,83.1756,80.8971,78.431,75.7706,72.9074,69.8236,66.5138,62.9771,59.2257,55.2774,51.1281,46.7487,42.1154,37.2588,32.3105,27.4904,23.0356,19.1441,15.8984,13.3042,11.3057,9.81245,8.72753,7.9496,7.3957,6.99295,6.68718,6.43999,6.23566,6.05339,5.87798,5.70504,5.54074,5.37448,5.21435,5.04484,4.88028,4.71891,4.55474,4.39631,4.23008,4.06531,3.89768,3.73595,3.57286,3.41142,3.25375,3.08899,2.93197,2.77155,2.6193,2.47349,2.321,2.17508,2.01633,1.87691,1.79014,1.66016,1.53524,1.40343,1.27131,1.14774,1.0243,0.908156,0.794666,0.688967,0.591346,0.501296,0.419832,0.346517,0.282272,0.227738,0.183874,0.151086,0.129674,0.119864,0.122466,0.138637,0.169489,0.213082,0.271431,0.344907,0.434589,0.541166,0.663408,0.80378,0.960894,1.1368,1.33242,1.55093,1.79092,2.05265,2.33784,2.64615,2.97582,3.33084,3.70957,4.11428,4.54366,4.99876,5.48085,5.99376,6.5369,7.11052,7.71162,8.34405,9.01102,9.695,10.4065,11.1477,11.9222,12.7336,13.5756,14.446,15.3433,16.265,17.2117,18.1796,19.1759,20.1994,21.2519,22.3267,23.4305,24.5562,25.6933,26.8411,28.0046,29.169,30.3464,31.5272,32.7252,33.9273,35.131,36.3368,37.5425,38.7371,39.9202,41.0911,42.2574,43.3982,44.5339,45.6631,46.7776,47.8565,48.9092,49.9643,50.9778,52.0155,53.0665,54.1687,55.2181,55.9059,55.5732,54.0274,51.2694,47.7344,43.9246,40.0323,35.8818,31.573,26.9759,22.1552,17.2637,12.5433,8.25454,4.71577,2.24654
5,31,64,1.987,97.1462,97.0873,96.9602,96.7172,96.3097,95.7284,94.9599,94.0331,92.9489,91.7213,90.3336,88.7903,87.0732,85.1799,83.0909,80.819,78.3513,75.6979,72.8339,69.7561,66.4516,62.9189,59.1775,55.2374,51.0966,46.7316,42.1159,37.2783,32.3528,27.5502,23.1206,19.2545,16.0387,13.4752,11.4975,10.0207,8.94045,8.16823,7.61712,7.21599,6.91379,6.67144,6.47056,6.28249,6.10892,5.93438,5.76898,5.59825,5.43347,5.26533,5.09938,4.93117,4.76835,4.6,4.42944,4.25817,4.08897,3.92139,3.75657,3.5968,3.43688,3.27806,3.11767,2.95784,2.80211,2.63973,2.48043,2.32361,2.18014,2.03128,1.94067,1.79159,1.66463,1.53136,1.39858,1.26887,1.13935,1.01861,0.899492,0.787124,0.680545,0.581581,0.491499,0.409422,0.3365,0.273214,0.220502,0.178013,0.146415,0.12702,0.11992,0.125929,0.147495,0.180827,0.227716,0.290563,0.369395,0.464113,0.576124,0.705113,0.851056,1.01492,1.19774,1.40237,1.62951,1.8809,2.15616,2.45338,2.77098,3.11561,3.48461,3.87822,4.2954,4.73786,5.20928,5.71251,6.24581,6.80953,7.40207,8.02407,8.68249,9.36203,10.0689,10.8024,11.5702,12.3745,13.2129,14.083,14.9791,15.901,16.851,17.8254,18.8267,19.8532,20.9081,21.9888,23.1011,24.2359,25.3849,26.5435,27.7198,28.903,30.0994,31.3055,32.5221,33.7458,34.9693,36.2042,37.4326,38.6551,39.8651,41.0754,42.2728,43.4483,44.6197,45.7881,46.9837,48.1083,49.2061,50.296,51.3641,52.4599,53.5636,54.7077,55.8151,56.5989,56.4502,54.9604,52.266,48.8319,45.103,41.3104,37.2817,33.0432,28.4805,23.6739,18.7567,13.9232,9.44422,5.62608,2.81287
6,36,72,1.992,97.4717,97.4155,97.2826,97.0369,96.6263,96.0364,95.2666,94.3261,93.2406,92.0072,90.6155,89.0627,87.3366,85.4311,83.3263,81.0311,78.5508,75.8815,73.0062,69.9118,66.5893,63.0381,59.2728,55.3079,51.1371,46.7377,42.082,37.2076,32.2455,27.4158,22.961,19.0723,15.8388,13.2587,11.2728,9.78233,8.70041,7.92396,7.37194,6.97256,6.66961,6.4298,6.22089,6.03626,5.86033,5.6928,5.52551,5.35887,5.195,5.02796,4.8653,4.69736,4.53262,4.36038,4.19596,4.03257,3.87128,3.70872,3.54799,3.376,3.21663,3.05416,2.91242,2.75505,2.60152,2.44408,2.29346,2.14071,1.99244,1.8513,1.7556,1.62469,1.49534,1.36925,1.24239,1.11847,0.997146,0.883136,0.774628,0.671662,0.576358,0.488295,0.407422,0.334848,0.273161,0.22209,0.181305,0.150439,0.131517,0.125823,0.132294,0.152523,0.187609,0.234502,0.296476,0.374874,0.468327,0.579593,0.706746,0.852229,1.01555,1.19584,1.39528,1.61817,1.86374,2.13201,2.42467,2.73827,3.07597,3.43811,3.82559,4.23672,4.67197,5.13515,5.62436,6.14716,6.69697,7.27936,7.89026,8.52931,9.20058,9.89465,10.6173,11.3666,12.1494,12.9656,13.8153,14.6922,15.5959,16.5252,17.4803,18.4606,19.4664,20.4932,21.5473,22.6276,23.7448,24.8771,26.0179,27.1717,28.3363,29.5142,30.7006,31.8873,33.0835,34.2834,35.4925,36.704,37.9067,39.0994,40.279,41.4545,42.62,43.7639,44.9047,46.037,47.196,48.2767,49.3389,50.3853,51.4121,52.4425,53.4902,54.593,55.6389,56.3248,56.0233,54.4494,51.6034,48.0354,44.1794,40.2601,36.1148,31.7512,27.0856,22.1949,17.2489,12.4783,8.15293,4.61441,2.18853
37,64,94,1.974,97.3424,97.2817,97.1525,96.8959,96.4877,95.8902,95.1191,94.172,93.0752,91.8295,90.4284,88.8627,87.1218,85.1956,83.07,80.7503,78.2357,75.5241,72.6013,69.4549,66.0764,62.453,58.6045,54.5423,50.2632,45.7441,40.9541,35.9239,30.7893,25.7799,21.1554,17.1161,13.755,11.0711,9.00578,7.46441,6.34258,5.54599,4.98441,4.57946,4.28347,4.05023,3.85915,3.68925,3.52779,3.37345,3.22103,3.07381,2.93164,2.79684,2.65928,2.52311,2.38143,2.24419,2.11506,1.98544,1.85763,1.73223,1.61276,1.49196,1.37554,1.2631,1.15466,1.05148,0.949075,0.857172,0.765456,0.683578,0.607198,0.534378,0.403858,0.336767,0.280077,0.231784,0.190436,0.157,0.132229,0.116484,0.11029,0.11452,0.129817,0.157946,0.197044,0.249491,0.3142,0.391955,0.484171,0.591509,0.714609,0.851283,1.00225,1.17044,1.35738,1.55723,1.77302,2.00896,2.26171,2.5358,2.82795,3.13927,3.46855,3.81363,4.18041,4.57225,4.99063,5.43532,5.90188,6.38792,6.89423,7.42352,7.9762,8.54982,9.14691,9.76633,10.4096,11.0813,11.7779,12.4996,13.2438,14.0084,14.7989,15.6027,16.4242,17.2639,18.1285,19.0183,19.9278,20.857,21.797,22.7492,23.7148,24.6905,25.6762,26.6711,27.6807,28.695,29.7288,30.7646,31.7967,32.8281,33.8527,34.8683,35.8671,36.8635,37.8544,38.8354,39.807,40.7539,41.6908,42.5936,43.4743,44.3324,45.1743,45.9683,46.7453,47.4725,48.1572,48.7962,49.3933,49.9469,50.458,50.9427,51.3813,51.7918,52.0368,51.7794,50.183,47.2131,42.9218,37.9299,32.6971,27.5272,22.2987,17.2023,12.3517,8.02081,4.52977,2.25059,1.42437,2.19828,4.62211
35,64,94,1.973,97.8531,97.7979,97.6676,97.4137,97.0023,96.406,95.6275,94.6783,93.578,92.3298,90.9225,89.3544,87.6069,85.6788,83.5476,81.2241,78.7037,75.9955,73.072,69.9221,66.5349,62.909,59.0611,55.0052,50.7355,46.2232,41.4469,36.4318,31.3148,26.3286,21.7254,17.7098,14.3666,11.699,9.64377,8.10783,6.99525,6.19854,5.63357,5.22869,4.92915,4.69224,4.49091,4.31221,4.14539,3.98428,3.8315,3.67542,3.52092,3.36648,3.21943,3.07482,2.92994,2.78572,2.63601,2.497,2.3585,2.22473,2.08713,1.94262,1.80647,1.68321,1.55779,1.44497,1.32671,1.21019,1.09444,0.992508,0.894297,0.808918,0.673927,0.579684,0.498074,0.42271,0.35537,0.294943,0.240501,0.194134,0.15492,0.126185,0.107533,0.0999803,0.10316,0.118547,0.146316,0.186695,0.240847,0.308527,0.389349,0.485104,0.595267,0.721473,0.865522,1.02436,1.19871,1.3916,1.60274,1.83146,2.07924,2.34511,2.63137,2.93364,3.25528,3.6033,3.97594,4.37448,4.79746,5.24261,5.70992,6.20098,6.71418,7.25125,7.80986,8.39219,9.00372,9.64535,10.314,11.0026,11.7193,12.4584,13.2288,14.0157,14.8185,15.6478,16.503,17.3891,18.2947,19.224,20.1719,21.1364,22.1137,23.1038,24.1076,25.1248,26.1643,27.212,28.2805,29.3599,30.4396,31.5156,32.5893,33.6608,34.7283,35.792,36.8506,37.9053,38.9565,39.9981,41.0149,42.0091,42.9831,43.9444,44.8818,45.7928,46.6832,47.5412,48.3995,49.1859,49.9377,50.6549,51.3168,51.9708,52.6129,53.2549,53.7776,53.8424,52.7027,50.1562,46.3398,41.7575,36.906,32.0213,26.9898,21.9297,16.8459,11.991,7.66428,4.23433,2.03715,1.33259,2.33912
40,69,99,1.975,97.9012,97.8489,97.7225,97.4687,97.0547,96.4568,95.6706,94.7184,93.6179,92.3665,90.9555,89.3807,87.6283,85.6928,83.5578,81.232,78.7104,75.996,73.0641,69.9132,66.5189,62.8904,59.035,54.9705,50.6873,46.1646,41.373,36.3477,31.2207,26.2221,21.6058,17.5783,14.226,11.5542,9.49709,7.96491,6.85533,6.05652,5.49097,5.08386,4.78312,4.55027,4.35241,4.17591,4.00702,3.84781,3.69522,3.54518,3.39627,3.24709,3.10075,2.95397,2.81136,2.66253,2.51997,2.37542,2.24161,2.10873,1.98067,1.85308,1.723,1.59723,1.47026,1.34979,1.24154,1.13518,1.03329,0.925423,0.822182,0.719279,0.601327,0.518146,0.440961,0.373823,0.311524,0.258682,0.210058,0.170477,0.13833,0.116624,0.104635,0.104329,0.115248,0.1383,0.174145,0.222998,0.284968,0.36088,0.451071,0.555015,0.675139,0.808827,0.961131,1.12754,1.31015,1.51205,1.73278,1.97256,2.23055,2.50655,2.80118,3.1129,3.4431,3.80101,4.18346,4.59254,5.02479,5.47932,5.95177,6.45076,6.97212,7.51696,8.08221,8.67107,9.28937,9.93606,10.6082,11.3063,12.0296,12.7737,13.5492,14.3415,15.1494,15.9804,16.8384,17.7214,18.6297,19.5546,20.4981,21.4534,22.4242,23.4111,24.416,25.4317,26.4626,27.5068,28.569,29.6302,30.694,31.7613,32.8286,33.889,34.9435,35.9929,37.0374,38.0667,39.094,40.1134,41.1165,42.0994,43.0527,43.9858,44.904,45.7862,46.64,47.4625,48.295,49.0514,49.7649,50.4372,51.0607,51.6742,52.2752,52.8505,53.3167,53.3083,52.0803,49.4305,45.4854,40.8218,35.8865,30.9409,25.8283,20.756,15.7066,10.9466,6.80266,3.63755,1.75736,1.4085,2.75533
40,69,101,1.972,97.6631,97.6062,97.4741,97.2243,96.8087,96.2132,95.4349,94.4869,93.388,92.1424,90.7366,89.1661,87.4175,85.4907,83.3638,81.0447,78.5251,75.8105,72.8853,69.7351,66.3497,62.7236,58.8699,54.8086,50.5313,46.012,41.2203,36.1898,31.0604,26.0582,21.4378,17.4064,14.0504,11.38,9.31725,7.77614,6.65431,5.85643,5.29372,4.88964,4.59051,4.35374,4.15709,3.981,3.81834,3.66725,3.51359,3.35938,3.20629,3.06087,2.91865,2.77651,2.63409,2.49229,2.35383,2.21933,2.08763,1.95479,1.82568,1.69771,1.57925,1.45787,1.34046,1.22859,1.12262,1.02136,0.912319,0.815158,0.715006,0.640593,0.516379,0.438091,0.369904,0.308918,0.253511,0.206595,0.167246,0.137137,0.115008,0.102936,0.10188,0.111988,0.133939,0.167909,0.214912,0.275339,0.349684,0.438053,0.540798,0.657083,0.789442,0.937302,1.10582,1.2848,1.48179,1.69752,1.93195,2.18399,2.45423,2.74418,3.05355,3.38083,3.72875,4.10129,4.49848,4.92124,5.36917,5.83631,6.32244,6.83372,7.37036,7.92958,8.50969,9.11335,9.743,10.4045,11.0873,11.7968,12.5276,13.284,14.0682,14.8662,15.6826,16.5181,17.3783,18.2672,19.1808,20.1132,21.0607,22.0194,22.9896,23.9762,24.9759,25.9882,27.0124,28.0454,29.0882,30.1524,31.2115,32.2648,33.3103,34.3572,35.3967,36.4343,37.4595,38.4782,39.487,40.4778,41.4515,42.4002,43.3308,44.2431,45.1356,45.9849,46.812,47.6013,48.3953,49.1133,49.7854,50.4099,50.9979,51.5678,52.1218,52.6389,53.0244,52.9301,51.613,48.8274,44.7299,39.928,34.8585,29.802,24.6854,19.5753,14.5601,9.91016,5.95989,3.07664,1.55682,1.61219,3.38554
44,69,91,1.966,96.9366,96.876,96.7391,96.4925,96.0739,95.4805,94.6989,93.7558,92.6524,91.4022,89.9885,88.4102,86.652,84.7095,82.5646,80.2155,77.6623,74.9032,71.9208,68.7029,65.2329,61.5125,57.5517,53.3606,48.9281,44.2294,39.2365,33.9825,28.6115,23.366,18.5225,14.3009,10.7865,7.99661,5.85714,4.28047,3.14864,2.36726,1.8357,1.4821,1.23988,1.06885,0.939147,0.830069,0.740148,0.66089,0.585809,0.520807,0.461031,0.407502,0.363696,0.321195,0.284651,0.255227,0.228729,0.207387,0.190134,0.181338,0.186603,0.195358,0.220175,0.250858,0.290795,0.342282,0.400453,0.462633,0.537626,0.617805,0.718522,0.821353,0.868491,0.995833,1.13248,1.28669,1.4548,1.64057,1.84257,2.05578,2.28339,2.51964,2.778,3.04965,3.33749,3.63741,3.95248,4.28446,4.63586,4.99855,5.37449,5.76573,6.17375,6.59696,7.0426,7.49794,7.96732,8.45373,8.95693,9.4784,10.0132,10.5609,11.1202,11.6897,12.2773,12.8911,13.527,14.1868,14.8571,15.5392,16.2325,16.9416,17.6609,18.3892,19.1272,19.8736,20.6325,21.4126,22.1992,23.0002,23.799,24.6079,25.4246,26.2394,27.0507,27.8651,28.6847,29.5085,30.3318,31.1529,31.9761,32.7873,33.588,34.3725,35.1549,35.9197,36.6797,37.4236,38.1558,38.8737,39.5683,40.2309,40.8643,41.4685,42.0368,42.5736,43.0766,43.5412,43.965,44.3388,44.6652,44.9308,45.1448,45.2882,45.3677,45.3566,45.2644,45.0758,44.7534,44.333,43.7534,43.0372,42.1506,41.108,39.8469,38.32,36.3261,33.4516,28.847,23.143,17.0309,11.4427,7.04884,4.17924,2.90553,3.13007,4.82858,7.81409,11.7982,16.4437,21.3656,26.3669,31.3073
62,85,103,1.959,97.4632,97.4011,97.2705,97.0195,96.6016,96.0062,95.2207,94.2749,93.1688,91.9177,90.5052,88.918,87.1547,85.1991,83.0391,80.6803,78.1178,75.3459,72.3497,69.1201,65.6362,61.8975,57.9167,53.6988,49.2418,44.5082,39.483,34.1915,28.7795,23.4927,18.6071,14.3453,10.7984,7.97563,5.81377,4.21043,3.06805,2.28017,1.74925,1.39564,1.1538,0.984282,0.85077,0.748221,0.663903,0.589298,0.523779,0.46205,0.40776,0.360618,0.316451,0.282721,0.253822,0.231906,0.213667,0.19677,0.19544,0.199425,0.209343,0.222859,0.249625,0.283914,0.328897,0.378034,0.443828,0.52044,0.610684,0.708619,0.817509,0.924845,0.980494,1.10745,1.25447,1.42201,1.60973,1.80605,2.01496,2.23631,2.47419,2.73045,2.99944,3.27903,3.57248,3.8845,4.21387,4.55882,4.91787,5.29272,5.68051,6.08574,6.50251,6.9317,7.37656,7.83781,8.31757,8.81797,9.32966,9.85918,10.3949,10.9479,11.5131,12.0919,12.6824,13.3039,13.9474,14.613,15.2933,15.9778,16.6735,17.3789,18.0981,18.8293,19.5694,20.318,21.0812,21.857,22.6411,23.4344,24.2357,25.0419,25.8547,26.6637,27.471,28.2743,29.0879,29.9009,30.72,31.5303,32.3402,33.1348,33.9231,34.6978,35.4671,36.2191,36.9633,37.6918,38.4074,39.1026,39.7751,40.4219,41.0364,41.617,42.1652,42.6798,43.1532,43.5878,43.9771,44.3205,44.6266,44.8706,45.0461,45.1512,45.1914,45.1403,45.0039,44.7539,44.4081,43.9134,43.2706,42.4821,41.515,40.383,39.0293,37.4115,35.3213,32.3257,27.6156,21.9294,15.9086,10.5094,6.39131,3.85407,2.94505,3.55155,5.6046,8.87263,13.0532,17.7866,22.7554,27.7155,32.5674
56,79,97,1.962,95.5941,95.5382,95.4044,95.145,94.7258,94.1306,93.3587,92.4266,91.3459,90.1177,88.7246,87.1717,85.4398,83.5225,81.401,79.0813,76.5645,73.8422,70.9033,67.7334,64.3194,60.6539,56.7502,52.6159,48.2465,43.6135,38.6962,33.518,28.2186,23.0339,18.239,14.0475,10.5615,7.78448,5.66094,4.09092,2.9708,2.19585,1.66883,1.31798,1.08009,0.917361,0.79755,0.704051,0.627635,0.558506,0.496298,0.43726,0.385727,0.340214,0.298764,0.265042,0.235837,0.212526,0.198402,0.191713,0.186254,0.193636,0.209196,0.238057,0.267318,0.299126,0.335869,0.390287,0.451206,0.519726,0.597769,0.691267,0.795977,0.908839,0.973311,1.09834,1.24439,1.40813,1.59028,1.78739,1.99474,2.21474,2.44621,2.69243,2.95232,3.22538,3.51338,3.81876,4.13915,4.47007,4.81577,5.17696,5.55374,5.94548,6.35282,6.77253,7.19889,7.64656,8.10785,8.58513,9.07777,9.57674,10.0925,10.6212,11.1663,11.7409,12.3476,12.9715,13.5808,14.1958,14.8286,15.4891,16.1553,16.8297,17.5253,18.2269,18.9433,19.6602,20.3921,21.1356,21.8862,22.6471,23.4184,24.2026,24.9527,25.7292,26.5049,27.2791,28.0552,28.8313,29.6118,30.3911,31.1614,31.9227,32.6748,33.4156,34.1436,34.8638,35.5725,36.2695,36.9166,37.5845,38.2236,38.8319,39.4191,39.9731,40.498,40.9838,41.4346,41.8423,42.2162,42.5429,42.8257,43.0495,43.2048,43.2891,43.3135,43.2464,43.1212,42.8666,42.3888,41.8906,41.2424,40.4438,39.5039,38.3987,37.0898,35.4971,33.4402,30.5166,25.7553,20.3932,14.7047,9.62461,5.78321,3.49802,2.73884,3.44017,5.51406,8.70744,12.7265,17.2383,21.9355,26.6146,31.1706
54,75,94,1.96,97.7806,97.7252,97.5906,97.3353,96.9134,96.3058,95.5162,94.5563,93.4458,92.1794,90.7528,89.1596,87.3817,85.418,83.2428,80.8735,78.2942,75.5096,72.4933,69.2416,65.7433,61.9896,57.9923,53.7595,49.2858,44.5403,39.4992,34.197,28.7739,23.4825,18.5931,14.3304,10.7836,7.96764,5.81245,4.22359,3.08955,2.30377,1.77143,1.41185,1.16758,0.994009,0.862638,0.76122,0.676936,0.604029,0.539795,0.47926,0.425556,0.376113,0.332026,0.289967,0.259381,0.233529,0.214753,0.198728,0.184167,0.182959,0.186314,0.209395,0.239146,0.278197,0.325662,0.370213,0.433114,0.498563,0.587344,0.671635,0.774014,0.876075,0.940826,1.07225,1.21972,1.38512,1.5628,1.75163,1.9588,2.18554,2.42294,2.67122,2.9313,3.21169,3.50655,3.81536,4.14183,4.48315,4.83924,5.21189,5.59977,6.00071,6.41703,6.84575,7.28886,7.74988,8.22544,8.71902,9.22995,9.75369,10.2901,10.8431,11.4104,11.9888,12.582,13.2027,13.8433,14.5027,15.175,15.8639,16.5564,17.2663,17.985,18.7153,19.4541,20.2009,20.9619,21.7362,22.5205,23.315,24.1177,24.923,25.7295,26.5428,27.3493,28.1581,28.9706,29.7911,30.6052,31.4196,32.2272,33.0273,33.8163,34.596,35.3679,36.1256,36.874,37.6012,38.3177,39.017,39.6928,40.3367,40.9575,41.5451,42.1048,42.6283,43.1102,43.5551,43.9565,44.3143,44.621,44.8596,45.0446,45.1561,45.207,45.1619,45.0515,44.814,44.4595,43.9823,43.3692,42.6029,41.6652,40.5489,39.2117,37.6171,35.5458,32.584,27.9506,22.2371,16.1816,10.7256,6.52619,3.9062,2.89828,3.38543,5.331,8.51672,12.6297,17.3253,22.2656,27.2495,32.1268
