y_test,y_pred
42.3691,41.9145
42.3659,41.906335
42.3426,41.875375
42.2995,41.82108
42.2384,41.743625
42.1576,41.646735
42.0578,41.528665000000004
41.939,41.392790000000005
41.81,41.243115
41.6673,41.080605
41.5142,40.90642
41.3521,40.722695
41.1798,40.528245000000005
40.998,40.325990000000004
40.8058,40.113815
40.605,39.89445
40.3965,39.666669999999996
40.1755,39.43011
39.9427,39.183765
39.6935,38.923135
39.4293,38.646765
39.1412,38.352555
38.8294,38.03519
38.4859,37.688095
38.1049,37.306394999999995
37.6831,36.884065
37.2145,36.4202
36.7019,35.91222
36.1434,35.3654
35.5514,34.78503499999999
34.932,34.181979999999996
34.3003,33.566445
33.6661,32.951705000000004
33.0459,32.35033
32.4481,31.769910000000003
31.8886,31.223070000000007
31.367,30.714189999999995
30.8954,30.253429999999998
30.4761,29.843815
30.1079,29.486755
29.7943,29.183259999999997
29.5352,28.93084
29.3268,28.726445000000002
29.1569,28.561725000000003
29.0249,28.432299999999998
28.921,28.33399
28.8438,28.26191
28.7897,28.212995
28.7568,28.18234
28.7401,28.167610000000003
28.7369,28.165084999999998
28.7439,28.173025000000003
28.7599,28.190075
28.7787,28.211840000000002
28.8047,28.239105000000002
28.8326,28.270730000000004
28.8665,28.306335
28.9,28.343255
28.9347,28.378959999999996
28.9686,28.414254999999997
29.0016,28.45042
29.0315,28.48543
29.0637,28.51818
29.092,28.547199999999997
29.1198,28.571865000000003
29.1441,28.593510000000002
29.1672,28.611915
29.1887,28.628475
29.211,28.642775
29.2376,28.656600000000005
29.2623,28.66893
29.2844,28.681385
29.3126,28.695355
29.3375,28.70619
29.3676,28.72061
29.398,28.737569999999998
29.4287,28.761025
29.4618,28.787959999999998
29.4999,28.820235000000004
29.5441,28.857225000000007
29.5846,28.896555
29.6319,28.939065
29.6778,28.983785
29.7288,29.031275
29.7759,29.077859999999998
29.827,29.126800000000003
29.8705,29.176170000000003
29.9231,29.227935000000002
29.9771,29.283655
30.0316,29.337764999999997
32.4817,31.708890000000004
32.4621,31.682620000000004
32.4327,31.660800000000002
32.4138,31.63876
32.4056,31.618425000000002
32.3891,31.603665
32.3656,31.586969999999997
32.3374,31.569589999999998
32.3099,31.546590000000002
32.2993,31.52792
32.2885,31.51377
32.3032,31.53281
32.3461,31.591255
32.3895,31.653249999999996
32.4257,31.690975
32.4445,31.704755
32.4776,31.724659999999993
32.5183,31.761200000000002
32.5643,31.801440000000003
32.6084,31.841790000000003
32.6531,31.88867
32.7074,31.94183
32.7635,32.001605
32.8263,32.066015
32.895,32.132425
32.9766,32.2068
33.0534,32.28221
33.1394,32.365525000000005
33.2188,32.449475
33.3187,32.54509
33.4002,32.615520000000004
33.4968,32.71309
33.6053,32.815215
33.7064,32.91949
33.8091,33.023939999999996
33.916,33.134405
34.0388,33.25212
34.1718,33.380565000000004
34.3069,33.50812499999999
34.4437,33.64062
34.5831,33.776135
34.7318,33.92078
34.8888,34.072305
35.0503,34.22953
35.217,34.397619999999996
35.3909,34.569645
35.5719,34.74087
35.7687,34.933125000000004
35.9794,35.136604999999996
36.2005,35.349325
36.4242,35.567665
36.6498,35.793855
36.889,36.03052
37.1435,36.281535000000005
37.4087,36.543435
37.6925,36.820730000000005
37.9968,37.11874
38.327,37.43799
38.6723,37.77887
39.0417,38.140460000000004
39.4348,38.523
39.8549,38.930845
40.3019,39.367605000000005
40.7802,39.835735
41.3018,40.357434999999995
41.8736,40.921
42.488,41.488205
43.1884,42.173465
43.9624,42.92051500000001
44.8187,43.757135000000005
45.786,44.704935
46.9045,45.80765
48.2084,47.092645000000005
49.7215,48.576405
51.4405,50.26988000000001
53.1845,51.98393000000001
54.5123,53.154025000000004
55.023,53.754035
54.7624,53.528605000000006
54.0689,52.87971
53.4424,52.26936499999999
53.0613,51.891059999999996
52.6745,51.39132500000001
52.7495,51.474239999999995
53.0225,51.719955000000006
53.4182,52.104925
53.982,52.654610000000005
54.7572,53.402615000000004
55.8033,54.413734999999996
57.3148,55.835345000000004
59.3392,57.82236
42.2359,41.9145
42.2332,41.906335
42.2176,41.875375
42.1834,41.82108
42.1324,41.743625
42.0615,41.646735
41.9732,41.528665000000004
41.8653,41.392790000000005
41.7459,41.243115
41.6135,41.080605
41.4692,40.90642
41.3151,40.722695
41.1495,40.528245000000005
40.9757,40.325990000000004
40.7914,40.113815
40.5952,39.89445
40.3901,39.666669999999996
40.1732,39.43011
39.9429,39.183765
39.6963,38.923135
39.4309,38.646765
39.1468,38.352555
38.8347,38.03519
38.4943,37.688095
38.114,37.306394999999995
37.691,36.884065
37.2197,36.4202
36.7049,35.91222
36.1489,35.3654
35.5565,34.78503499999999
34.9423,34.181979999999996
34.3113,33.566445
33.6793,32.951705000000004
33.061,32.35033
32.464,31.769910000000003
31.905,31.223070000000007
31.3867,30.714189999999995
30.9178,30.253429999999998
30.5041,29.843815
30.143,29.486755
29.8366,29.183259999999997
29.5827,28.93084
29.376,28.726445000000002
29.2078,28.561725000000003
29.0751,28.432299999999998
28.977,28.33399
28.9028,28.26191
28.8525,28.212995
28.8202,28.18234
28.8035,28.167610000000003
28.7999,28.165084999999998
28.8072,28.173025000000003
28.8228,28.190075
28.8433,28.211840000000002
28.8677,28.239105000000002
28.8955,28.270730000000004
28.9273,28.306335
28.9594,28.343255
28.9912,28.378959999999996
29.022,28.414254999999997
29.0548,28.45042
29.0897,28.48543
29.1206,28.51818
29.1521,28.547199999999997
29.1765,28.571865000000003
29.2032,28.593510000000002
29.2235,28.611915
29.2506,28.628475
29.2774,28.642775
29.3073,28.656600000000005
29.335,28.66893
29.3634,28.681385
29.3964,28.695355
29.4274,28.70619
29.4585,28.72061
29.4923,28.737569999999998
29.525,28.761025
29.5658,28.787959999999998
29.6092,28.820235000000004
29.6566,28.857225000000007
29.7005,28.896555
29.7471,28.939065
29.7913,28.983785
29.8361,29.031275
29.8781,29.077859999999998
29.9273,29.126800000000003
29.9794,29.176170000000003
30.0271,29.227935000000002
30.0816,29.283655
30.1345,29.337764999999997
32.511,31.708890000000004
32.4936,31.682620000000004
32.4811,31.660800000000002
32.4563,31.63876
32.4347,31.618425000000002
32.4335,31.603665
32.4211,31.586969999999997
32.4041,31.569589999999998
32.3871,31.546590000000002
32.3625,31.52792
32.3529,31.51377
32.3581,31.53281
32.3948,31.591255
32.4313,31.653249999999996
32.4713,31.690975
32.5034,31.704755
32.5432,31.724659999999993
32.5855,31.761200000000002
32.6254,31.801440000000003
32.6678,31.841790000000003
32.7115,31.88867
32.7642,31.94183
32.8338,32.001605
32.9001,32.066015
32.9736,32.132425
33.0478,32.2068
33.1251,32.28221
33.2026,32.365525000000005
33.283,32.449475
33.3766,32.54509
33.4587,32.615520000000004
33.5613,32.71309
33.6663,32.815215
33.7759,32.91949
33.8844,33.023939999999996
34.0015,33.134405
34.121,33.25212
34.2531,33.380565000000004
34.3789,33.50812499999999
34.5108,33.64062
34.6516,33.776135
34.8025,33.92078
34.9607,34.072305
35.1249,34.22953
35.2979,34.397619999999996
35.4798,34.569645
35.6558,34.74087
35.8523,34.933125000000004
36.0654,35.136604999999996
36.2815,35.349325
36.5076,35.567665
36.7378,35.793855
36.9815,36.03052
37.2409,36.281535000000005
37.5125,36.543435
37.7969,36.820730000000005
38.1025,37.11874
38.4269,37.43799
38.7751,37.77887
39.1426,38.140460000000004
39.5373,38.523
39.958,38.930845
40.4074,39.367605000000005
40.889,39.835735
41.4175,40.357434999999995
41.9987,40.921
42.61,41.488205
43.3094,42.173465
44.0895,42.92051500000001
44.9532,43.757135000000005
45.9221,44.704935
47.0445,45.80765
48.3407,47.092645000000005
49.8462,48.576405
51.5737,50.26988000000001
53.3205,51.98393000000001
54.6839,53.154025000000004
55.1846,53.754035
54.8959,53.528605000000006
54.2148,52.87971
53.5997,52.26936499999999
53.2164,51.891059999999996
52.938,51.39132500000001
53.0222,51.474239999999995
53.2508,51.719955000000006
53.6673,52.104925
54.2591,52.654610000000005
55.0173,53.402615000000004
56.0415,54.413734999999996
57.5023,55.835345000000004
59.5724,57.82236
41.8744,41.9145
41.8714,41.906335
41.8498,41.875375
41.8049,41.82108
41.7396,41.743625
41.6565,41.646735
41.5562,41.528665000000004
41.4392,41.392790000000005
41.3098,41.243115
41.1675,41.080605
41.014,40.90642
40.8501,40.722695
40.6745,40.528245000000005
40.4879,40.325990000000004
40.2917,40.113815
40.0854,39.89445
39.8686,39.666669999999996
39.642,39.43011
39.4067,39.183765
39.1545,38.923135
38.8842,38.646765
38.5946,38.352555
38.2807,38.03519
37.9371,37.688095
37.5556,37.306394999999995
37.1336,36.884065
36.6654,36.4202
36.1523,35.91222
35.6001,35.3654
35.0137,34.78503499999999
34.4047,34.181979999999996
33.7838,33.566445
33.1614,32.951705000000004
32.5515,32.35033
31.9623,31.769910000000003
31.407,31.223070000000007
30.8906,30.714189999999995
30.4216,30.253429999999998
30.0055,29.843815
29.6421,29.486755
29.3339,29.183259999999997
29.0759,28.93084
28.8669,28.726445000000002
28.6977,28.561725000000003
28.5646,28.432299999999998
28.4626,28.33399
28.3885,28.26191
28.339,28.212995
28.3082,28.18234
28.2913,28.167610000000003
28.2886,28.165084999999998
28.2957,28.173025000000003
28.3123,28.190075
28.332,28.211840000000002
28.3586,28.239105000000002
28.3901,28.270730000000004
28.4262,28.306335
28.4625,28.343255
28.4994,28.378959999999996
28.5342,28.414254999999997
28.5698,28.45042
28.6033,28.48543
28.6354,28.51818
28.666,28.547199999999997
28.6925,28.571865000000003
28.7161,28.593510000000002
28.7339,28.611915
28.7488,28.628475
28.761,28.642775
28.775,28.656600000000005
28.7885,28.66893
28.8022,28.681385
28.8189,28.695355
28.832,28.70619
28.8491,28.72061
28.8674,28.737569999999998
28.8898,28.761025
28.9192,28.787959999999998
28.9496,28.820235000000004
28.9879,28.857225000000007
29.025,28.896555
29.0657,28.939065
29.1101,28.983785
29.156,29.031275
29.2069,29.077859999999998
29.2562,29.126800000000003
29.3077,29.176170000000003
29.3608,29.227935000000002
29.4151,29.283655
29.4675,29.337764999999997
31.9106,31.708890000000004
31.887,31.682620000000004
31.8614,31.660800000000002
31.8485,31.63876
31.8279,31.618425000000002
31.8159,31.603665
31.7885,31.586969999999997
31.7717,31.569589999999998
31.7388,31.546590000000002
31.7138,31.52792
31.6935,31.51377
31.7133,31.53281
31.7791,31.591255
31.8417,31.653249999999996
31.8781,31.690975
31.8895,31.704755
31.9116,31.724659999999993
31.9528,31.761200000000002
31.999,31.801440000000003
32.0406,31.841790000000003
32.0863,31.88867
32.1366,31.94183
32.1947,32.001605
32.2587,32.066015
32.3267,32.132425
32.4004,32.2068
32.4749,32.28221
32.5597,32.365525000000005
32.6475,32.449475
32.7418,32.54509
32.8152,32.615520000000004
32.9094,32.71309
33.0125,32.815215
33.1157,32.91949
33.2228,33.023939999999996
33.3344,33.134405
33.4528,33.25212
33.5798,33.380565000000004
33.7033,33.50812499999999
33.838,33.64062
33.9737,33.776135
34.1221,33.92078
34.2729,34.072305
34.4301,34.22953
34.6009,34.397619999999996
34.7752,34.569645
34.9574,34.74087
35.1561,34.933125000000004
35.3565,35.136604999999996
35.566,35.349325
35.7811,35.567665
36.0078,35.793855
36.2427,36.03052
36.4941,36.281535000000005
36.7583,36.543435
37.0349,36.820730000000005
37.3326,37.11874
37.6472,37.43799
37.9885,37.77887
38.3495,38.140460000000004
38.7316,38.523
39.1468,38.930845
39.5878,39.367605000000005
40.0622,39.835735
40.5821,40.357434999999995
41.1521,40.921
41.7254,41.488205
42.4088,42.173465
43.1654,42.92051500000001
43.9986,43.757135000000005
44.9521,44.704935
46.0517,45.80765
47.3461,47.092645000000005
48.8571,48.576405
50.5627,50.26988000000001
52.2726,51.98393000000001
53.4389,53.154025000000004
54.0381,53.754035
53.8158,53.528605000000006
53.1622,52.87971
52.5544,52.26936499999999
52.1679,51.891059999999996
51.7034,51.39132500000001
51.8035,51.474239999999995
52.0311,51.719955000000006
52.4323,52.104925
52.9602,52.654610000000005
53.7221,53.402615000000004
54.7333,54.413734999999996
56.1527,55.835345000000004
58.138,57.82236
40.8384,41.9145
40.8383,41.906335
40.8147,41.875375
40.7649,41.82108
40.6955,41.743625
40.6058,41.646735
40.5015,41.528665000000004
40.382,41.392790000000005
40.2512,41.243115
40.108,41.080605
39.9555,40.90642
39.7911,40.722695
39.6169,40.528245000000005
39.4316,40.325990000000004
39.2344,40.113815
39.0272,39.89445
38.8105,39.666669999999996
38.5864,39.43011
38.3532,39.183765
38.1033,38.923135
37.8373,38.646765
37.5492,38.352555
37.2369,38.03519
36.8935,37.688095
36.5134,37.306394999999995
36.0921,36.884065
35.6298,36.4202
35.1255,35.91222
34.5792,35.3654
33.9967,34.78503499999999
33.3897,34.181979999999996
32.7733,33.566445
32.1564,32.951705000000004
31.5516,32.35033
30.9674,31.769910000000003
30.4134,31.223070000000007
29.8989,30.714189999999995
29.4275,30.253429999999998
29.0107,29.843815
28.646,29.486755
28.3356,29.183259999999997
28.0781,28.93084
27.8726,28.726445000000002
27.7085,28.561725000000003
27.5798,28.432299999999998
27.482,28.33399
27.4114,28.26191
27.3628,28.212995
27.3338,28.18234
27.3202,28.167610000000003
27.3192,28.165084999999998
27.3286,28.173025000000003
27.3495,28.190075
27.3739,28.211840000000002
27.404,28.239105000000002
27.439,28.270730000000004
27.4769,28.306335
27.5171,28.343255
27.5572,28.378959999999996
27.5958,28.414254999999997
27.6366,28.45042
27.6737,28.48543
27.7074,28.51818
27.7356,28.547199999999997
27.7581,28.571865000000003
27.777,28.593510000000002
27.7903,28.611915
27.797,28.628475
27.8008,28.642775
27.7987,28.656600000000005
27.7979,28.66893
27.7912,28.681385
27.7857,28.695355
27.7805,28.70619
27.7779,28.72061
27.7808,28.737569999999998
27.789,28.761025
27.8017,28.787959999999998
27.8236,28.820235000000004
27.8516,28.857225000000007
27.8845,28.896555
27.9232,28.939065
27.9668,28.983785
28.0161,29.031275
28.063,29.077859999999998
28.1148,29.126800000000003
28.1649,29.176170000000003
28.219,29.227935000000002
28.278,29.283655
28.3346,29.337764999999997
30.7929,31.708890000000004
30.7633,31.682620000000004
30.7359,31.660800000000002
30.7104,31.63876
30.6875,31.618425000000002
30.6668,31.603665
30.6455,31.586969999999997
30.6156,31.569589999999998
30.5865,31.546590000000002
30.5588,31.52792
30.5414,31.51377
30.572,31.53281
30.6657,31.591255
30.7486,31.653249999999996
30.782,31.690975
30.7699,31.704755
30.7728,31.724659999999993
30.8094,31.761200000000002
30.8481,31.801440000000003
30.886,31.841790000000003
30.9234,31.88867
30.9737,31.94183
31.0273,32.001605
31.0916,32.066015
31.1609,32.132425
31.2317,32.2068
31.3025,32.28221
31.3774,32.365525000000005
31.4672,32.449475
31.5649,32.54509
31.6191,32.615520000000004
31.7121,32.71309
31.8096,32.815215
31.9078,32.91949
32.0068,33.023939999999996
32.1085,33.134405
32.2235,33.25212
32.3534,33.380565000000004
32.4786,33.50812499999999
32.6065,33.64062
32.7327,33.776135
32.8717,33.92078
33.0173,34.072305
33.1721,34.22953
33.3328,34.397619999999996
33.4986,34.569645
33.6494,34.74087
33.8338,34.933125000000004
34.0242,35.136604999999996
34.2273,35.349325
34.4361,35.567665
34.6615,35.793855
34.8967,36.03052
35.1412,36.281535000000005
35.3919,36.543435
35.6612,36.820730000000005
35.9489,37.11874
36.2587,37.43799
36.5877,37.77887
36.9388,38.140460000000004
37.3052,38.523
37.6983,38.930845
38.1236,39.367605000000005
38.5809,39.835735
39.0879,40.357434999999995
39.6319,40.921
40.1337,41.488205
40.7951,42.173465
41.5167,42.92051500000001
42.326,43.757135000000005
43.2563,44.704935
44.331,45.80765
45.5774,47.092645000000005
47.0222,48.576405
48.6599,50.26988000000001
50.3316,51.98393000000001
51.249,53.154025000000004
51.9034,53.754035
51.7569,53.528605000000006
51.1518,52.87971
50.6011,52.26936499999999
50.2454,51.891059999999996
49.4869,51.39132500000001
49.5555,51.474239999999995
49.8101,51.719955000000006
50.2061,52.104925
50.7652,52.654610000000005
51.475,53.402615000000004
52.4137,54.413734999999996
53.7686,55.835345000000004
55.6699,57.82236
42.0732,41.9145
42.0676,41.906335
42.0407,41.875375
41.9936,41.82108
41.9235,41.743625
41.8336,41.646735
41.7265,41.528665000000004
41.6034,41.392790000000005
41.4702,41.243115
41.3229,41.080605
41.1629,40.90642
40.9952,40.722695
40.8157,40.528245000000005
40.6275,40.325990000000004
40.4292,40.113815
40.2223,39.89445
40.0077,39.666669999999996
39.7834,39.43011
39.5481,39.183765
39.2955,38.923135
39.0245,38.646765
38.7344,38.352555
38.4209,38.03519
38.0755,37.688095
37.6933,37.306394999999995
37.2676,36.884065
36.7991,36.4202
36.2855,35.91222
35.7311,35.3654
35.144,34.78503499999999
34.5313,34.181979999999996
33.9067,33.566445
33.2848,32.951705000000004
32.6756,32.35033
32.0865,31.769910000000003
31.5316,31.223070000000007
31.0181,30.714189999999995
30.5562,30.253429999999998
30.1463,29.843815
29.7888,29.486755
29.4857,29.183259999999997
29.2348,28.93084
29.0335,28.726445000000002
28.871,28.561725000000003
28.7448,28.432299999999998
28.6504,28.33399
28.5807,28.26191
28.5344,28.212995
28.5048,28.18234
28.4932,28.167610000000003
28.4929,28.165084999999998
28.5029,28.173025000000003
28.5215,28.190075
28.5458,28.211840000000002
28.5722,28.239105000000002
28.6027,28.270730000000004
28.6378,28.306335
28.6763,28.343255
28.7141,28.378959999999996
28.7485,28.414254999999997
28.7873,28.45042
28.8213,28.48543
28.8532,28.51818
28.8791,28.547199999999997
28.905,28.571865000000003
28.9263,28.593510000000002
28.9462,28.611915
28.9583,28.628475
28.972,28.642775
28.9827,28.656600000000005
28.9997,28.66893
29.0121,28.681385
29.0234,28.695355
29.0305,28.70619
29.0452,28.72061
29.0653,28.737569999999998
29.0921,28.761025
29.1208,28.787959999999998
29.1519,28.820235000000004
29.1896,28.857225000000007
29.2287,28.896555
29.2741,28.939065
29.322,28.983785
29.3688,29.031275
29.4134,29.077859999999998
29.4622,29.126800000000003
29.5121,29.176170000000003
29.562,29.227935000000002
29.6174,29.283655
29.6723,29.337764999999997
32.0559,31.708890000000004
32.0315,31.682620000000004
32.0049,31.660800000000002
31.9811,31.63876
31.9595,31.618425000000002
31.939,31.603665
31.9246,31.586969999999997
31.9071,31.569589999999998
31.8833,31.546590000000002
31.8614,31.52792
31.8483,31.51377
31.8704,31.53281
31.9334,31.591255
31.9955,31.653249999999996
32.03,31.690975
32.0441,31.704755
32.0655,31.724659999999993
32.1005,31.761200000000002
32.1392,31.801440000000003
32.1795,31.841790000000003
32.2258,31.88867
32.2791,31.94183
32.3442,32.001605
32.4114,32.066015
32.4816,32.132425
32.5558,32.2068
32.6273,32.28221
32.7059,32.365525000000005
32.792,32.449475
32.8892,32.54509
32.9637,32.615520000000004
33.0623,32.71309
33.167,32.815215
33.2718,32.91949
33.3775,33.023939999999996
33.4887,33.134405
33.6109,33.25212
33.7421,33.380565000000004
33.868,33.50812499999999
34.001,33.64062
34.1367,33.776135
34.2863,33.92078
34.4444,34.072305
34.604,34.22953
34.7688,34.397619999999996
34.9421,34.569645
35.1171,34.74087
35.3088,34.933125000000004
35.514,35.136604999999996
35.7285,35.349325
35.9513,35.567665
36.1798,35.793855
36.4154,36.03052
36.6658,36.281535000000005
36.9289,36.543435
37.2066,36.820730000000005
37.5096,37.11874
37.8339,37.43799
38.1788,37.77887
38.5453,38.140460000000004
38.9271,38.523
39.3363,38.930845
39.7802,39.367605000000005
40.2591,39.835735
40.7881,40.357434999999995
41.3574,40.921
41.9433,41.488205
42.6269,42.173465
43.375,42.92051500000001
44.2093,43.757135000000005
45.1716,44.704935
46.2795,45.80765
47.5932,47.092645000000005
49.0819,48.576405
50.7976,50.26988000000001
52.5043,51.98393000000001
53.6981,53.154025000000004
54.2788,53.754035
54.0219,53.528605000000006
53.3575,52.87971
52.7627,52.26936499999999
52.419,51.891059999999996
51.9307,51.39132500000001
52.0299,51.474239999999995
52.2794,51.719955000000006
52.6682,52.104925
53.2274,52.654610000000005
53.9748,53.402615000000004
54.988,54.413734999999996
56.4077,55.835345000000004
58.4189,57.82236
42.3156,41.9145
42.3062,41.906335
42.273,41.875375
42.2186,41.82108
42.1381,41.743625
42.0406,41.646735
41.918,41.528665000000004
41.7756,41.392790000000005
41.6166,41.243115
41.4461,41.080605
41.2625,40.90642
41.0704,40.722695
40.8671,40.528245000000005
40.6566,40.325990000000004
40.4349,40.113815
40.2073,39.89445
39.9693,39.666669999999996
39.7223,39.43011
39.4651,39.183765
39.1927,38.923135
38.9052,38.646765
38.6032,38.352555
38.2748,38.03519
37.9147,37.688095
37.5218,37.306394999999995
37.0875,36.884065
36.6122,36.4202
36.0928,35.91222
35.5337,35.3654
34.9435,34.78503499999999
34.3305,34.181979999999996
33.7102,33.566445
33.0922,32.951705000000004
32.4907,32.35033
31.9095,31.769910000000003
31.3658,31.223070000000007
30.8618,30.714189999999995
30.4081,30.253429999999998
30.0049,29.843815
29.6561,29.486755
29.3605,29.183259999999997
29.1152,28.93084
28.9167,28.726445000000002
28.757,28.561725000000003
28.6338,28.432299999999998
28.5414,28.33399
28.4745,28.26191
28.4307,28.212995
28.404,28.18234
28.3907,28.167610000000003
28.3876,28.165084999999998
28.3961,28.173025000000003
28.4134,28.190075
28.4366,28.211840000000002
28.4639,28.239105000000002
28.4969,28.270730000000004
28.5304,28.306335
28.5662,28.343255
28.6003,28.378959999999996
28.6353,28.414254999999997
28.6701,28.45042
28.7038,28.48543
28.7319,28.51818
28.7617,28.547199999999997
28.7848,28.571865000000003
28.8089,28.593510000000002
28.8254,28.611915
28.8427,28.628475
28.8607,28.642775
28.8809,28.656600000000005
28.8962,28.66893
28.91,28.681385
28.925,28.695355
28.9408,28.70619
28.957,28.72061
28.9779,28.737569999999998
29.0042,28.761025
29.035,28.787959999999998
29.0697,28.820235000000004
29.1058,28.857225000000007
29.1477,28.896555
29.1901,28.939065
29.2379,28.983785
29.2871,29.031275
29.3302,29.077859999999998
29.3793,29.126800000000003
29.4259,29.176170000000003
29.4758,29.227935000000002
29.5268,29.283655
29.5771,29.337764999999997
31.855,31.708890000000004
31.8252,31.682620000000004
31.8119,31.660800000000002
31.792,31.63876
31.7815,31.618425000000002
31.7693,31.603665
31.7466,31.586969999999997
31.727,31.569589999999998
31.7081,31.546590000000002
31.6976,31.52792
31.6878,31.51377
31.6996,31.53281
31.7507,31.591255
31.802,31.653249999999996
31.8403,31.690975
31.861,31.704755
31.8907,31.724659999999993
31.9329,31.761200000000002
31.975,31.801440000000003
32.015,31.841790000000003
32.0634,31.88867
32.1151,31.94183
32.1742,32.001605
32.2404,32.066015
32.3074,32.132425
32.382,32.2068
32.4521,32.28221
32.5379,32.365525000000005
32.6247,32.449475
32.7226,32.54509
32.7937,32.615520000000004
32.8911,32.71309
32.9893,32.815215
33.094,32.91949
33.197,33.023939999999996
33.3095,33.134405
33.4344,33.25212
33.5633,33.380565000000004
33.6932,33.50812499999999
33.824,33.64062
33.9616,33.776135
34.1023,33.92078
34.2552,34.072305
34.4143,34.22953
34.5854,34.397619999999996
34.7603,34.569645
34.934,34.74087
35.126,34.933125000000004
35.3269,35.136604999999996
35.543,35.349325
35.7639,35.567665
35.9901,35.793855
36.2275,36.03052
36.481,36.281535000000005
36.7442,36.543435
37.0266,36.820730000000005
37.326,37.11874
37.6461,37.43799
37.9857,37.77887
38.3403,38.140460000000004
38.7224,38.523
39.1346,38.930845
39.5759,39.367605000000005
40.0495,39.835735
40.5665,40.357434999999995
41.128,40.921
41.6958,41.488205
42.3901,42.173465
43.1368,42.92051500000001
43.9824,43.757135000000005
44.929,44.704935
46.041,45.80765
47.334,47.092645000000005
48.8254,48.576405
50.5273,50.26988000000001
52.241,51.98393000000001
53.4707,53.154025000000004
54.0395,53.754035
53.7931,53.528605000000006
53.1357,52.87971
52.5322,52.26936499999999
52.1603,51.891059999999996
51.744,51.39132500000001
51.851,51.474239999999995
52.1253,51.719955000000006
52.5326,52.104925
53.0646,52.654610000000005
53.8066,53.402615000000004
54.7881,54.413734999999996
56.2075,55.835345000000004
58.2237,57.82236
41.2537,41.9145
41.2454,41.906335
41.2109,41.875375
41.1495,41.82108
41.0635,41.743625
40.9567,41.646735
40.8329,41.528665000000004
40.6911,41.392790000000005
40.5395,41.243115
40.3746,41.080605
40.2012,40.90642
40.0176,40.722695
39.8224,40.528245000000005
39.6185,40.325990000000004
39.4055,40.113815
39.1846,39.89445
38.9549,39.666669999999996
38.7159,39.43011
38.4687,39.183765
38.207,38.923135
37.9319,38.646765
37.6375,38.352555
37.3199,38.03519
36.9714,37.688095
36.5878,37.306394999999995
36.1654,36.884065
35.6989,36.4202
35.1904,35.91222
34.6412,35.3654
34.0596,34.78503499999999
33.4574,34.181979999999996
32.8436,33.566445
32.231,32.951705000000004
31.6346,32.35033
31.0558,31.769910000000003
30.5118,31.223070000000007
30.0053,30.714189999999995
29.5465,30.253429999999998
29.1366,29.843815
28.7799,29.486755
28.4788,29.183259999999997
28.2278,28.93084
28.026,28.726445000000002
27.8631,28.561725000000003
27.7351,28.432299999999998
27.6394,28.33399
27.5695,28.26191
27.5237,28.212995
27.4951,28.18234
27.4842,28.167610000000003
27.4851,28.165084999999998
27.4953,28.173025000000003
27.5162,28.190075
27.541,28.211840000000002
27.5696,28.239105000000002
27.6032,28.270730000000004
27.6428,28.306335
27.6836,28.343255
27.7251,28.378959999999996
27.7628,28.414254999999997
27.8014,28.45042
27.8384,28.48543
27.8737,28.51818
27.9009,28.547199999999997
27.9222,28.571865000000003
27.9374,28.593510000000002
27.9501,28.611915
27.9575,28.628475
27.9645,28.642775
27.9664,28.656600000000005
27.9634,28.66893
27.9598,28.681385
27.9566,28.695355
27.9518,28.70619
27.9497,28.72061
27.953,28.737569999999998
27.9645,28.761025
27.9787,28.787959999999998
28.0009,28.820235000000004
28.0345,28.857225000000007
28.0699,28.896555
28.1091,28.939065
28.1506,28.983785
28.1962,29.031275
28.2444,29.077859999999998
28.2981,29.126800000000003
28.3473,29.176170000000003
28.3982,29.227935000000002
28.4553,29.283655
28.5134,29.337764999999997
30.9342,31.708890000000004
30.9096,31.682620000000004
30.8862,31.660800000000002
30.8589,31.63876
30.8257,31.618425000000002
30.8119,31.603665
30.7912,31.586969999999997
30.7791,31.569589999999998
30.7516,31.546590000000002
30.7283,31.52792
30.707,31.51377
30.7348,31.53281
30.8255,31.591255
30.9044,31.653249999999996
30.9386,31.690975
30.9314,31.704755
30.9383,31.724659999999993
30.9758,31.761200000000002
31.0155,31.801440000000003
31.0526,31.841790000000003
31.0967,31.88867
31.1424,31.94183
31.2002,32.001605
31.2644,32.066015
31.3339,32.132425
31.4112,32.2068
31.4817,32.28221
31.5584,32.365525000000005
31.6408,32.449475
31.736,32.54509
31.8027,32.615520000000004
31.8937,32.71309
31.9914,32.815215
32.0924,32.91949
32.1934,33.023939999999996
32.2976,33.134405
32.4121,33.25212
32.5424,33.380565000000004
32.6664,33.50812499999999
32.7937,33.64062
32.9286,33.776135
33.0657,33.92078
33.2128,34.072305
33.3652,34.22953
33.5324,34.397619999999996
33.7031,34.569645
33.8593,34.74087
34.0438,34.933125000000004
34.245,35.136604999999996
34.4519,35.349325
34.6675,35.567665
34.8886,35.793855
35.1185,36.03052
35.364,36.281535000000005
35.6148,36.543435
35.8884,36.820730000000005
36.1805,37.11874
36.4944,37.43799
36.828,37.77887
37.176,38.140460000000004
37.5514,38.523
37.952,38.930845
38.3767,39.367605000000005
38.8325,39.835735
39.3456,40.357434999999995
39.8997,40.921
40.4074,41.488205
41.0897,42.173465
41.8221,42.92051500000001
42.6369,43.757135000000005
43.5478,44.704935
44.6256,45.80765
45.896,47.092645000000005
47.3627,48.576405
49.0194,50.26988000000001
50.6895,51.98393000000001
51.6326,53.154025000000004
52.2994,53.754035
52.1317,53.528605000000006
51.5274,52.87971
50.9573,52.26936499999999
50.6139,51.891059999999996
49.9128,51.39132500000001
49.9837,51.474239999999995
50.2048,51.719955000000006
50.5806,52.104925
51.121,52.654610000000005
51.8643,53.402615000000004
52.852,54.413734999999996
54.2331,55.835345000000004
56.1929,57.82236
40.5951,41.9145
40.5905,41.906335
40.5599,41.875375
40.5056,41.82108
40.4263,41.743625
40.3311,41.646735
40.2164,41.528665000000004
40.0884,41.392790000000005
39.949,41.243115
39.7992,41.080605
39.6378,40.90642
39.4685,40.722695
39.2868,40.528245000000005
39.0959,40.325990000000004
38.893,40.113815
38.6828,39.89445
38.4659,39.666669999999996
38.2397,39.43011
38.0062,39.183765
37.7563,38.923135
37.4892,38.646765
37.2039,38.352555
36.8942,38.03519
36.5573,37.688095
36.182,37.306394999999995
35.7691,36.884065
35.3118,36.4202
34.8146,35.91222
34.2754,35.3654
33.7033,34.78503499999999
33.1111,34.181979999999996
32.506,33.566445
31.9055,32.951705000000004
31.3153,32.35033
30.7452,31.769910000000003
30.2078,31.223070000000007
29.7045,30.714189999999995
29.2468,30.253429999999998
28.8388,29.843815
28.4835,29.486755
28.1818,29.183259999999997
27.9335,28.93084
27.733,28.726445000000002
27.5745,28.561725000000003
27.4504,28.432299999999998
27.3549,28.33399
27.2845,28.26191
27.2353,28.212995
27.2081,28.18234
27.1968,28.167610000000003
27.1993,28.165084999999998
27.2077,28.173025000000003
27.2261,28.190075
27.251,28.211840000000002
27.2844,28.239105000000002
27.3193,28.270730000000004
27.3597,28.306335
27.4013,28.343255
27.4427,28.378959999999996
27.4841,28.414254999999997
27.5212,28.45042
27.5605,28.48543
27.5928,28.51818
27.6184,28.547199999999997
27.6402,28.571865000000003
27.6584,28.593510000000002
27.668,28.611915
27.6745,28.628475
27.6728,28.642775
27.6722,28.656600000000005
27.6644,28.66893
27.6539,28.681385
27.6441,28.695355
27.6354,28.70619
27.6312,28.72061
27.6329,28.737569999999998
27.6413,28.761025
27.6519,28.787959999999998
27.6728,28.820235000000004
27.7015,28.857225000000007
27.7359,28.896555
27.7785,28.939065
27.8231,28.983785
27.8699,29.031275
27.9137,29.077859999999998
27.9626,29.126800000000003
28.0112,29.176170000000003
28.0622,29.227935000000002
28.1155,29.283655
28.1689,29.337764999999997
30.5465,31.708890000000004
30.5195,31.682620000000004
30.512,31.660800000000002
30.4763,31.63876
30.4528,31.618425000000002
30.431,31.603665
30.4137,31.586969999999997
30.3955,31.569589999999998
30.3731,31.546590000000002
30.3478,31.52792
30.3241,31.51377
30.3554,31.53281
30.4488,31.591255
30.5361,31.653249999999996
30.5666,31.690975
30.5552,31.704755
30.5544,31.724659999999993
30.5918,31.761200000000002
30.6297,31.801440000000003
30.6718,31.841790000000003
30.7186,31.88867
30.7718,31.94183
30.8286,32.001605
30.8883,32.066015
30.9482,32.132425
31.0218,32.2068
31.0884,32.28221
31.167,32.365525000000005
31.2451,32.449475
31.3502,32.54509
31.4082,32.615520000000004
31.5058,32.71309
31.6029,32.815215
31.7052,32.91949
31.7999,33.023939999999996
31.9058,33.134405
32.019,33.25212
32.1459,33.380565000000004
32.2701,33.50812499999999
32.3981,33.64062
32.5305,33.776135
32.6677,33.92078
32.8132,34.072305
32.9628,34.22953
33.1237,34.397619999999996
33.2902,34.569645
33.4473,34.74087
33.6332,34.933125000000004
33.8288,35.136604999999996
34.038,35.349325
34.2514,35.567665
34.4687,35.793855
34.6909,36.03052
34.9327,36.281535000000005
35.184,36.543435
35.4473,36.820730000000005
35.7371,37.11874
36.0451,37.43799
36.375,37.77887
36.7233,38.140460000000004
37.0888,38.523
37.4854,38.930845
37.9066,39.367605000000005
38.3637,39.835735
38.8702,40.357434999999995
39.4146,40.921
39.903,41.488205
40.5692,42.173465
41.3001,42.92051500000001
42.1011,43.757135000000005
43.0235,44.704935
44.0883,45.80765
45.3406,47.092645000000005
46.7939,48.576405
48.4229,50.26988000000001
50.0859,51.98393000000001
50.9931,53.154025000000004
51.6391,53.754035
51.4859,53.528605000000006
50.8763,52.87971
50.313,52.26936499999999
49.9387,51.891059999999996
49.232,51.39132500000001
49.3105,51.474239999999995
49.5389,51.719955000000006
49.8818,52.104925
50.4245,52.654610000000005
51.1518,53.402615000000004
52.133,54.413734999999996
53.496,55.835345000000004
55.3843,57.82236
53.7824,41.9145
53.7282,41.906335
53.6283,41.875375
53.4804,41.82108
53.2818,41.743625
53.0354,41.646735
52.7466,41.528665000000004
52.4199,41.392790000000005
52.064,41.243115
51.6844,41.080605
51.2858,40.90642
50.869,40.722695
50.4364,40.528245000000005
49.9902,40.325990000000004
49.5278,40.113815
49.0521,39.89445
48.5591,39.666669999999996
48.054,39.43011
47.5297,39.183765
46.9825,38.923135
46.4056,38.646765
45.7995,38.352555
45.1501,38.03519
44.4557,37.688095
43.7045,37.306394999999995
42.8856,36.884065
42.0009,36.4202
41.0483,35.91222
40.0402,35.3654
38.989,34.78503499999999
37.9128,34.181979999999996
36.8337,33.566445
35.7732,32.951705000000004
34.7555,32.35033
33.7911,31.769910000000003
32.8978,31.223070000000007
32.0758,30.714189999999995
31.343,30.253429999999998
30.6958,29.843815
30.1404,29.486755
29.6664,29.183259999999997
29.2764,28.93084
28.9585,28.726445000000002
28.7025,28.561725000000003
28.4987,28.432299999999998
28.3404,28.33399
28.2198,28.26191
28.133,28.212995
28.0726,28.18234
28.0359,28.167610000000003
28.0174,28.165084999999998
28.014,28.173025000000003
28.0219,28.190075
28.0377,28.211840000000002
28.0608,28.239105000000002
28.09,28.270730000000004
28.124,28.306335
28.1604,28.343255
28.1992,28.378959999999996
28.2354,28.414254999999997
28.2715,28.45042
28.3049,28.48543
28.3387,28.51818
28.3658,28.547199999999997
28.3899,28.571865000000003
28.408,28.593510000000002
28.426,28.611915
28.4394,28.628475
28.4502,28.642775
28.46,28.656600000000005
28.4705,28.66893
28.4778,28.681385
28.4787,28.695355
28.4826,28.70619
28.488,28.72061
28.5034,28.737569999999998
28.519,28.761025
28.5406,28.787959999999998
28.5702,28.820235000000004
28.6016,28.857225000000007
28.6402,28.896555
28.6814,28.939065
28.7293,28.983785
28.7771,29.031275
28.8272,29.077859999999998
28.8764,29.126800000000003
28.928,29.176170000000003
28.9764,29.227935000000002
29.0302,29.283655
29.0861,29.337764999999997
31.567,31.708890000000004
31.5369,31.682620000000004
31.5046,31.660800000000002
31.4815,31.63876
31.4615,31.618425000000002
31.4499,31.603665
31.4317,31.586969999999997
31.415,31.569589999999998
31.3864,31.546590000000002
31.3642,31.52792
31.3408,31.51377
31.37,31.53281
31.4409,31.591255
31.5136,31.653249999999996
31.5463,31.690975
31.551,31.704755
31.5661,31.724659999999993
31.6026,31.761200000000002
31.644,31.801440000000003
31.684,31.841790000000003
31.7301,31.88867
31.7834,31.94183
31.8392,32.001605
31.8968,32.066015
31.9639,32.132425
32.0408,32.2068
32.1181,32.28221
32.1995,32.365525000000005
32.2881,32.449475
32.388,32.54509
32.442,32.615520000000004
32.5412,32.71309
32.6426,32.815215
32.7489,32.91949
32.8542,33.023939999999996
32.9635,33.134405
33.0798,33.25212
33.2058,33.380565000000004
33.3313,33.50812499999999
33.4577,33.64062
33.5928,33.776135
33.7363,33.92078
33.8882,34.072305
34.0418,34.22953
34.212,34.397619999999996
34.3814,34.569645
34.5482,34.74087
34.7395,34.933125000000004
34.9428,35.136604999999996
35.1519,35.349325
35.3733,35.567665
35.5979,35.793855
35.8348,36.03052
36.0837,36.281535000000005
36.3401,36.543435
36.6211,36.820730000000005
36.9158,37.11874
37.2372,37.43799
37.5724,37.77887
37.9343,38.140460000000004
38.3118,38.523
38.7267,38.930845
39.1651,39.367605000000005
39.6418,39.835735
40.1582,40.357434999999995
40.7206,40.921
41.2693,41.488205
41.9501,42.173465
42.7017,42.92051500000001
43.5345,43.757135000000005
44.4742,44.704935
45.5755,45.80765
46.8575,47.092645000000005
48.3453,48.576405
50.0336,50.26988000000001
51.7426,51.98393000000001
52.843,53.154025000000004
53.4693,53.754035
53.2514,53.528605000000006
52.6328,52.87971
52.0442,52.26936499999999
51.6856,51.891059999999996
51.1071,51.39132500000001
51.2034,51.474239999999995
51.4382,51.719955000000006
51.843,52.104925
52.3854,52.654610000000005
53.1387,53.402615000000004
54.1729,54.413734999999996
55.5971,55.835345000000004
57.594,57.82236
53.6849,41.9145
53.6324,41.906335
53.5332,41.875375
53.3812,41.82108
53.1791,41.743625
52.9283,41.646735
52.6342,41.528665000000004
52.3022,41.392790000000005
51.9423,41.243115
51.5588,41.080605
51.1553,40.90642
50.7365,40.722695
50.2988,40.528245000000005
49.8477,40.325990000000004
49.3815,40.113815
48.9009,39.89445
48.4057,39.666669999999996
47.8961,39.43011
47.3694,39.183765
46.8156,38.923135
46.2369,38.646765
45.6248,38.352555
44.9726,38.03519
44.2721,37.688095
43.514,37.306394999999995
42.6936,36.884065
41.8031,36.4202
40.8478,35.91222
39.8303,35.3654
38.7711,34.78503499999999
37.6886,34.181979999999996
36.6057,33.566445
35.5457,32.951705000000004
34.5248,32.35033
33.5593,31.769910000000003
32.6627,31.223070000000007
31.8442,30.714189999999995
31.1086,30.253429999999998
30.4653,29.843815
29.9098,29.486755
29.4422,29.183259999999997
29.0531,28.93084
28.7368,28.726445000000002
28.4811,28.561725000000003
28.2801,28.432299999999998
28.1228,28.33399
28.0055,28.26191
27.9206,28.212995
27.8655,28.18234
27.8323,28.167610000000003
27.8152,28.165084999999998
27.8101,28.173025000000003
27.8184,28.190075
27.8351,28.211840000000002
27.8594,28.239105000000002
27.8918,28.270730000000004
27.9297,28.306335
27.968,28.343255
28.0051,28.378959999999996
28.041,28.414254999999997
28.0804,28.45042
28.1146,28.48543
28.148,28.51818
28.1777,28.547199999999997
28.2014,28.571865000000003
28.2205,28.593510000000002
28.2342,28.611915
28.2429,28.628475
28.2492,28.642775
28.2519,28.656600000000005
28.2541,28.66893
28.2524,28.681385
28.2509,28.695355
28.2502,28.70619
28.255,28.72061
28.2618,28.737569999999998
28.2767,28.761025
28.2966,28.787959999999998
28.3201,28.820235000000004
28.3522,28.857225000000007
28.3848,28.896555
28.4261,28.939065
28.4686,28.983785
28.5145,29.031275
28.5623,29.077859999999998
28.6088,29.126800000000003
28.6612,29.176170000000003
28.7115,29.227935000000002
28.7697,29.283655
28.8247,29.337764999999997
31.2386,31.708890000000004
31.2109,31.682620000000004
31.1877,31.660800000000002
31.1579,31.63876
31.1289,31.618425000000002
31.1137,31.603665
31.0973,31.586969999999997
31.0851,31.569589999999998
31.0579,31.546590000000002
31.0353,31.52792
31.0149,31.51377
31.0417,31.53281
31.1167,31.591255
31.1905,31.653249999999996
31.2249,31.690975
31.2308,31.704755
31.2377,31.724659999999993
31.2743,31.761200000000002
31.3137,31.801440000000003
31.351,31.841790000000003
31.3976,31.88867
31.4513,31.94183
31.5087,32.001605
31.575,32.066015
31.6361,32.132425
31.7079,32.2068
31.7818,32.28221
31.8635,32.365525000000005
31.9542,32.449475
32.0575,32.54509
32.1124,32.615520000000004
32.2099,32.71309
32.309,32.815215
32.4063,32.91949
32.5059,33.023939999999996
32.6131,33.134405
32.7312,33.25212
32.8589,33.380565000000004
32.9856,33.50812499999999
33.1103,33.64062
33.2459,33.776135
33.3882,33.92078
33.5413,34.072305
33.6968,34.22953
33.8604,34.397619999999996
34.0319,34.569645
34.1957,34.74087
34.3862,34.933125000000004
34.5879,35.136604999999996
34.7984,35.349325
35.0104,35.567665
35.2339,35.793855
35.4659,36.03052
35.7111,36.281535000000005
35.9654,36.543435
36.2379,36.820730000000005
36.5362,37.11874
36.8524,37.43799
37.1873,37.77887
37.5434,38.140460000000004
37.9203,38.523
38.325,38.930845
38.7547,39.367605000000005
39.2177,39.835735
39.7304,40.357434999999995
40.2855,40.921
40.8194,41.488205
41.5091,42.173465
42.2456,42.92051500000001
43.0728,43.757135000000005
44.0081,44.704935
45.0996,45.80765
46.3743,47.092645000000005
47.8531,48.576405
49.521,50.26988000000001
51.2071,51.98393000000001
52.2462,53.154025000000004
52.8898,53.754035
52.6871,53.528605000000006
52.0835,52.87971
51.4792,52.26936499999999
51.1313,51.891059999999996
50.4674,51.39132500000001
50.5476,51.474239999999995
50.7781,51.719955000000006
51.1814,52.104925
51.7421,52.654610000000005
52.4891,53.402615000000004
53.4712,54.413734999999996
54.8654,55.835345000000004
56.8028,57.82236
41.4979,41.9145
41.4922,41.906335
41.461,41.875375
41.4036,41.82108
41.3237,41.743625
41.2254,41.646735
41.108,41.528665000000004
40.9764,41.392790000000005
40.8317,41.243115
40.6768,41.080605
40.5082,40.90642
40.332,40.722695
40.1445,40.528245000000005
39.9496,40.325990000000004
39.7442,40.113815
39.5297,39.89445
39.3072,39.666669999999996
39.0774,39.43011
38.8385,39.183765
38.5841,38.923135
38.3136,38.646765
38.025,38.352555
37.7122,38.03519
37.369,37.688095
36.9911,37.306394999999995
36.5717,36.884065
36.1084,36.4202
35.604,35.91222
35.0593,35.3654
34.4843,34.78503499999999
33.8872,34.181979999999996
33.2793,33.566445
32.6712,32.951705000000004
32.0768,32.35033
31.5014,31.769910000000003
30.9624,31.223070000000007
30.4607,30.714189999999995
30.0053,30.253429999999998
29.5966,29.843815
29.2389,29.486755
28.9351,29.183259999999997
28.686,28.93084
28.484,28.726445000000002
28.3206,28.561725000000003
28.1938,28.432299999999998
28.0964,28.33399
28.0272,28.26191
27.9799,28.212995
27.9524,28.18234
27.9387,28.167610000000003
27.9392,28.165084999999998
27.9489,28.173025000000003
27.9669,28.190075
27.9889,28.211840000000002
28.0177,28.239105000000002
28.0505,28.270730000000004
28.0866,28.306335
28.127,28.343255
28.1667,28.378959999999996
28.206,28.414254999999997
28.2451,28.45042
28.279,28.48543
28.3109,28.51818
28.3407,28.547199999999997
28.3642,28.571865000000003
28.387,28.593510000000002
28.4025,28.611915
28.4118,28.628475
28.4181,28.642775
28.4224,28.656600000000005
28.4267,28.66893
28.4292,28.681385
28.4299,28.695355
28.4324,28.70619
28.4348,28.72061
28.4494,28.737569999999998
28.4689,28.761025
28.4899,28.787959999999998
28.5112,28.820235000000004
28.5407,28.857225000000007
28.5795,28.896555
28.6252,28.939065
28.6684,28.983785
28.7145,29.031275
28.7622,29.077859999999998
28.8173,29.126800000000003
28.8682,29.176170000000003
28.9202,29.227935000000002
28.9759,29.283655
29.0305,29.337764999999997
31.3907,31.708890000000004
31.3617,31.682620000000004
31.339,31.660800000000002
31.3169,31.63876
31.2905,31.618425000000002
31.2799,31.603665
31.2632,31.586969999999997
31.2456,31.569589999999998
31.2132,31.546590000000002
31.1838,31.52792
31.1667,31.51377
31.1981,31.53281
31.2792,31.591255
31.3563,31.653249999999996
31.3906,31.690975
31.3951,31.704755
31.4059,31.724659999999993
31.4443,31.761200000000002
31.4812,31.801440000000003
31.5207,31.841790000000003
31.5713,31.88867
31.6265,31.94183
31.6881,32.001605
31.7524,32.066015
31.8143,32.132425
31.8922,32.2068
31.9733,32.28221
32.0594,32.365525000000005
32.1461,32.449475
32.2383,32.54509
32.3005,32.615520000000004
32.4006,32.71309
32.5032,32.815215
32.6029,32.91949
32.7046,33.023939999999996
32.8115,33.134405
32.933,33.25212
33.0651,33.380565000000004
33.189,33.50812499999999
33.3212,33.64062
33.4529,33.776135
33.5975,33.92078
33.7474,34.072305
33.9048,34.22953
34.0726,34.397619999999996
34.2443,34.569645
34.4004,34.74087
34.5959,34.933125000000004
34.8018,35.136604999999996
35.0142,35.349325
35.2303,35.567665
35.4507,35.793855
35.6835,36.03052
35.9301,36.281535000000005
36.1962,36.543435
36.4697,36.820730000000005
36.7664,37.11874
37.0795,37.43799
37.4178,37.77887
37.7755,38.140460000000004
38.1579,38.523
38.5639,38.930845
38.9967,39.367605000000005
39.4657,39.835735
39.9805,40.357434999999995
40.5449,40.921
41.0718,41.488205
41.7558,42.173465
42.4969,42.92051500000001
43.3223,43.757135000000005
44.2615,44.704935
45.361,45.80765
46.639,47.092645000000005
48.1154,48.576405
49.7994,50.26988000000001
51.4993,51.98393000000001
52.5145,53.154025000000004
53.1659,53.754035
52.9814,53.528605000000006
52.3776,52.87971
51.7898,52.26936499999999
51.4218,51.891059999999996
50.8011,51.39132500000001
50.8998,51.474239999999995
51.1507,51.719955000000006
51.5375,52.104925
52.0571,52.654610000000005
52.8062,53.402615000000004
53.7891,54.413734999999996
55.2063,55.835345000000004
57.1792,57.82236
40.6022,41.9145
40.5997,41.906335
40.5717,41.875375
40.5166,41.82108
40.4399,41.743625
40.3448,41.646735
40.2335,41.528665000000004
40.1107,41.392790000000005
39.974,41.243115
39.8277,41.080605
39.6694,40.90642
39.5012,40.722695
39.3203,40.528245000000005
39.1299,40.325990000000004
38.9278,40.113815
38.7186,39.89445
38.4991,39.666669999999996
38.2734,39.43011
38.0357,39.183765
37.7839,38.923135
37.5158,38.646765
37.2315,38.352555
36.9214,38.03519
36.582,37.688095
36.203,37.306394999999995
35.7866,36.884065
35.327,36.4202
34.8266,35.91222
34.2881,35.3654
33.7148,34.78503499999999
33.1196,34.181979999999996
32.5138,33.566445
31.9107,32.951705000000004
31.3206,32.35033
30.7501,31.769910000000003
30.2074,31.223070000000007
29.7039,30.714189999999995
29.2436,30.253429999999998
28.8354,29.843815
28.477,29.486755
28.1728,29.183259999999997
27.9195,28.93084
27.7165,28.726445000000002
27.554,28.561725000000003
27.4297,28.432299999999998
27.3325,28.33399
27.2609,28.26191
27.2111,28.212995
27.1835,28.18234
27.1723,28.167610000000003
27.1723,28.165084999999998
27.181,28.173025000000003
27.1991,28.190075
27.2245,28.211840000000002
27.2538,28.239105000000002
27.2893,28.270730000000004
27.3315,28.306335
27.3731,28.343255
27.4165,28.378959999999996
27.4556,28.414254999999997
27.4972,28.45042
27.5326,28.48543
27.5658,28.51818
27.5955,28.547199999999997
27.6182,28.571865000000003
27.6334,28.593510000000002
27.6417,28.611915
27.6465,28.628475
27.6456,28.642775
27.6412,28.656600000000005
27.6313,28.66893
27.6226,28.681385
27.6108,28.695355
27.5998,28.70619
27.5898,28.72061
27.5878,28.737569999999998
27.5934,28.761025
27.6038,28.787959999999998
27.6265,28.820235000000004
27.656,28.857225000000007
27.6874,28.896555
27.7259,28.939065
27.7686,28.983785
27.8163,29.031275
27.8633,29.077859999999998
27.9144,29.126800000000003
27.9642,29.176170000000003
28.0162,29.227935000000002
28.075,29.283655
28.132,29.337764999999997
30.4641,31.708890000000004
30.4373,31.682620000000004
30.4064,31.660800000000002
30.3784,31.63876
30.3518,31.618425000000002
30.332,31.603665
30.3167,31.586969999999997
30.2995,31.569589999999998
30.2707,31.546590000000002
30.24,31.52792
30.2189,31.51377
30.2584,31.53281
30.3597,31.591255
30.4526,31.653249999999996
30.4768,31.690975
30.4582,31.704755
30.454,31.724659999999993
30.4923,31.761200000000002
30.5335,31.801440000000003
30.5681,31.841790000000003
30.611,31.88867
30.6597,31.94183
30.716,32.001605
30.779,32.066015
30.8439,32.132425
30.9238,32.2068
31.0003,32.28221
31.0778,32.365525000000005
31.1618,32.449475
31.2602,32.54509
31.3237,32.615520000000004
31.4108,32.71309
31.5062,32.815215
31.6042,32.91949
31.706,33.023939999999996
31.8119,33.134405
31.9213,33.25212
32.0458,33.380565000000004
32.1681,33.50812499999999
32.2938,33.64062
32.4232,33.776135
32.5577,33.92078
32.7048,34.072305
32.8552,34.22953
33.0204,34.397619999999996
33.1894,34.569645
33.3371,34.74087
33.5264,34.933125000000004
33.7231,35.136604999999996
33.9263,35.349325
34.1387,35.567665
34.3568,35.793855
34.5819,36.03052
34.8219,36.281535000000005
35.0712,36.543435
35.3411,36.820730000000005
35.6216,37.11874
35.931,37.43799
36.2537,37.77887
36.6015,38.140460000000004
36.9689,38.523
37.3695,38.930845
37.7912,39.367605000000005
38.2396,39.835735
38.7401,40.357434999999995
39.2831,40.921
39.7671,41.488205
40.432,42.173465
41.1493,42.92051500000001
41.9537,43.757135000000005
42.8646,44.704935
43.9342,45.80765
45.1908,47.092645000000005
46.6253,48.576405
48.2677,50.26988000000001
49.9127,51.98393000000001
50.7696,53.154025000000004
51.4382,53.754035
51.29,53.528605000000006
50.709,52.87971
50.1414,52.26936499999999
49.8139,51.891059999999996
49.0307,51.39132500000001
49.0992,51.474239999999995
49.3309,51.719955000000006
49.6844,52.104925
50.207,52.654610000000005
50.9304,53.402615000000004
51.8795,54.413734999999996
53.2182,55.835345000000004
55.109,57.82236
41.5672,41.9145
41.5591,41.906335
41.5294,41.875375
41.4749,41.82108
41.3982,41.743625
41.3018,41.646735
41.1856,41.528665000000004
41.0553,41.392790000000005
40.911,41.243115
40.7575,41.080605
40.5911,40.90642
40.4179,40.722695
40.2323,40.528245000000005
40.0393,40.325990000000004
39.835,40.113815
39.6235,39.89445
39.4053,39.666669999999996
39.1793,39.43011
38.9399,39.183765
38.6869,38.923135
38.4152,38.646765
38.1268,38.352555
37.8136,38.03519
37.4747,37.688095
37.0989,37.306394999999995
36.6837,36.884065
36.2257,36.4202
35.723,35.91222
35.1824,35.3654
34.6065,34.78503499999999
34.0114,34.181979999999996
33.4043,33.566445
32.7994,32.951705000000004
32.2069,32.35033
31.6305,31.769910000000003
31.0889,31.223070000000007
30.5829,30.714189999999995
30.1261,30.253429999999998
29.7184,29.843815
29.3611,29.486755
29.0575,29.183259999999997
28.8041,28.93084
28.6014,28.726445000000002
28.4371,28.561725000000003
28.3093,28.432299999999998
28.2117,28.33399
28.1387,28.26191
28.0893,28.212995
28.0596,28.18234
28.0462,28.167610000000003
28.0461,28.165084999999998
28.0537,28.173025000000003
28.0706,28.190075
28.0952,28.211840000000002
28.1238,28.239105000000002
28.1569,28.270730000000004
28.1922,28.306335
28.2319,28.343255
28.2689,28.378959999999996
28.3072,28.414254999999997
28.344,28.45042
28.3812,28.48543
28.4166,28.51818
28.4428,28.547199999999997
28.4655,28.571865000000003
28.4845,28.593510000000002
28.4994,28.611915
28.5147,28.628475
28.5265,28.642775
28.5378,28.656600000000005
28.5417,28.66893
28.5426,28.681385
28.5491,28.695355
28.5552,28.70619
28.5645,28.72061
28.5752,28.737569999999998
28.5944,28.761025
28.6224,28.787959999999998
28.6522,28.820235000000004
28.6862,28.857225000000007
28.721,28.896555
28.7645,28.939065
28.807,28.983785
28.856,29.031275
28.8994,29.077859999999998
28.952,29.126800000000003
29.0035,29.176170000000003
29.0579,29.227935000000002
29.1113,29.283655
29.1672,29.337764999999997
31.5386,31.708890000000004
31.5159,31.682620000000004
31.4803,31.660800000000002
31.4601,31.63876
31.4446,31.618425000000002
31.4325,31.603665
31.4198,31.586969999999997
31.4056,31.569589999999998
31.3782,31.546590000000002
31.3545,31.52792
31.3332,31.51377
31.3569,31.53281
31.4296,31.591255
31.501,31.653249999999996
31.5362,31.690975
31.5403,31.704755
31.5494,31.724659999999993
31.592,31.761200000000002
31.6347,31.801440000000003
31.6795,31.841790000000003
31.7278,31.88867
31.7796,31.94183
31.8446,32.001605
31.9098,32.066015
31.9773,32.132425
32.0512,32.2068
32.13,32.28221
32.2103,32.365525000000005
32.296,32.449475
32.3915,32.54509
32.4574,32.615520000000004
32.5582,32.71309
32.6594,32.815215
32.7651,32.91949
32.8659,33.023939999999996
32.9767,33.134405
33.0954,33.25212
33.2243,33.380565000000004
33.3541,33.50812499999999
33.4825,33.64062
33.6155,33.776135
33.7558,33.92078
33.9045,34.072305
34.0621,34.22953
34.2306,34.397619999999996
34.4055,34.569645
34.5792,34.74087
34.7667,34.933125000000004
34.9712,35.136604999999996
35.1831,35.349325
35.4051,35.567665
35.6346,35.793855
35.869,36.03052
36.1185,36.281535000000005
36.3776,36.543435
36.655,36.820730000000005
36.9474,37.11874
37.2598,37.43799
37.6001,37.77887
37.9572,38.140460000000004
38.3448,38.523
38.7566,38.930845
39.1935,39.367605000000005
39.6634,39.835735
40.1835,40.357434999999995
40.7505,40.921
41.2847,41.488205
41.9703,42.173465
42.7211,42.92051500000001
43.5584,43.757135000000005
44.501,44.704935
45.6046,45.80765
46.8823,47.092645000000005
48.3672,48.576405
50.0459,50.26988000000001
51.7523,51.98393000000001
52.8537,53.154025000000004
53.4486,53.754035
53.2516,53.528605000000006
52.6324,52.87971
52.0441,52.26936499999999
51.6796,51.891059999999996
51.093,51.39132500000001
51.1833,51.474239999999995
51.4389,51.719955000000006
51.8193,52.104925
52.3774,52.654610000000005
53.126,53.402615000000004
54.1213,54.413734999999996
55.5267,55.835345000000004
57.5024,57.82236
41.6768,41.9145
41.67,41.906335
41.6396,41.875375
41.5861,41.82108
41.5113,41.743625
41.4189,41.646735
41.3069,41.528665000000004
41.1804,41.392790000000005
41.0416,41.243115
40.8893,41.080605
40.7254,40.90642
40.5514,40.722695
40.3688,40.528245000000005
40.1764,40.325990000000004
39.9735,40.113815
39.7627,39.89445
39.5423,39.666669999999996
39.3123,39.43011
39.0743,39.183765
38.8215,38.923135
38.5524,38.646765
38.2648,38.352555
37.9511,38.03519
37.6068,37.688095
37.2283,37.306394999999995
36.8108,36.884065
36.351,36.4202
35.8463,35.91222
35.3022,35.3654
34.7236,34.78503499999999
34.1258,34.181979999999996
33.518,33.566445
32.9132,32.951705000000004
32.3186,32.35033
31.7424,31.769910000000003
31.1985,31.223070000000007
30.6917,30.714189999999995
30.2348,30.253429999999998
29.8268,29.843815
29.4703,29.486755
29.168,29.183259999999997
28.9173,28.93084
28.7137,28.726445000000002
28.5498,28.561725000000003
28.4203,28.432299999999998
28.3223,28.33399
28.2506,28.26191
28.2026,28.212995
28.1718,28.18234
28.1579,28.167610000000003
28.1562,28.165084999999998
28.166,28.173025000000003
28.1833,28.190075
28.2059,28.211840000000002
28.2332,28.239105000000002
28.2695,28.270730000000004
28.3074,28.306335
28.3458,28.343255
28.382,28.378959999999996
28.417,28.414254999999997
28.4522,28.45042
28.4886,28.48543
28.5219,28.51818
28.5547,28.547199999999997
28.5797,28.571865000000003
28.5997,28.593510000000002
28.6141,28.611915
28.6247,28.628475
28.6368,28.642775
28.6435,28.656600000000005
28.6493,28.66893
28.6559,28.681385
28.6626,28.695355
28.6682,28.70619
28.6753,28.72061
28.6844,28.737569999999998
28.7033,28.761025
28.7272,28.787959999999998
28.7547,28.820235000000004
28.7929,28.857225000000007
28.8306,28.896555
28.8757,28.939065
28.9193,28.983785
28.9643,29.031275
29.0102,29.077859999999998
29.0607,29.126800000000003
29.1104,29.176170000000003
29.1632,29.227935000000002
29.2193,29.283655
29.2784,29.337764999999997
31.5902,31.708890000000004
31.5602,31.682620000000004
31.547,31.660800000000002
31.5312,31.63876
31.5108,31.618425000000002
31.5,31.603665
31.4789,31.586969999999997
31.4558,31.569589999999998
31.4253,31.546590000000002
31.4001,31.52792
31.3898,31.51377
31.4186,31.53281
31.4889,31.591255
31.5602,31.653249999999996
31.5952,31.690975
31.6037,31.704755
31.6211,31.724659999999993
31.6627,31.761200000000002
31.7036,31.801440000000003
31.7456,31.841790000000003
31.7899,31.88867
31.8508,31.94183
31.9119,32.001605
31.9786,32.066015
32.0364,32.132425
32.108,32.2068
32.1802,32.28221
32.2646,32.365525000000005
32.3575,32.449475
32.4597,32.54509
32.5246,32.615520000000004
32.6171,32.71309
32.7201,32.815215
32.8245,32.91949
32.9349,33.023939999999996
33.0454,33.134405
33.1584,33.25212
33.2859,33.380565000000004
33.4158,33.50812499999999
33.5486,33.64062
33.6874,33.776135
33.8286,33.92078
33.9816,34.072305
34.1382,34.22953
34.309,34.397619999999996
34.487,34.569645
34.6513,34.74087
34.8467,34.933125000000004
35.054,35.136604999999996
35.2607,35.349325
35.4796,35.567665
35.7029,35.793855
35.9433,36.03052
36.1898,36.281535000000005
36.4547,36.543435
36.7331,36.820730000000005
37.031,37.11874
37.35,37.43799
37.687,37.77887
38.0492,38.140460000000004
38.4322,38.523
38.8406,38.930845
39.2848,39.367605000000005
39.7556,39.835735
40.2786,40.357434999999995
40.8395,40.921
41.3986,41.488205
42.0795,42.173465
42.8176,42.92051500000001
43.6475,43.757135000000005
44.6031,44.704935
45.7068,45.80765
47.0002,47.092645000000005
48.4896,48.576405
50.1853,50.26988000000001
51.8912,51.98393000000001
52.9587,53.154025000000004
53.5709,53.754035
53.3509,53.528605000000006
52.7244,52.87971
52.1463,52.26936499999999
51.7969,51.891059999999996
51.2508,51.39132500000001
51.3518,51.474239999999995
51.5925,51.719955000000006
51.9604,52.104925
52.4921,52.654610000000005
53.2376,53.402615000000004
54.2392,54.413734999999996
55.6711,55.835345000000004
57.6577,57.82236
